{
	"name":"CRM",
	"components":{
		"entities":[
			{
				"name":"account",
				"displayname":"Account",
				"pluralname":"Accounts",
				"global":"false",
				"attributes":[
					{
						"name":"company",
						"datatype":"tinytext",
						"fieldtype":"text",
						"displayname":"Company",
						"default":""					
					},
					{
						"name":"phone",
						"type":"tinytext",
						"fieldtype":"tel",
						"displayname":"Phone",
						"default":""					
					},
					{
						"name":"fax",
						"type":"tinytext",
						"fieldtype":"tel",
						"displayname":"Fax",
						"default":""					
					},
					{
						"name":"website",
						"type":"tinytext",
						"fieldtype":"url",
						"displayname":"Website",
						"default":""					
					},
					{
						"name":"relationship",
						"type":"enum#Customer|Distributor|Vendor|Creditor|Competitor|Partner|Press|Internal",
						"fieldtype":"select",
						"displayname":"Relationship",
						"default":"Customer"					
					}
				],	
				"data":[
					{
						"company":"Super Intuitive",
						"phone":"650-389-4496",
						"website":"http://superintutive.org",
						"relationship":"Internal"
					}
				]
			},
			{
				"name": "address",
				"displayname": "Address",
				"pluralname":"Addresses",
				"global":"false",
				"attributes":[
					{
						"name":"street",
						"datatype":"tinytext",
						"fieldtype":"text",
						"displayname":"Street",
						"default":""					
					},
					{
						"name":"street2",
						"type":"tinytext",
						"fieldtype":"text",
						"displayname":"Street 2",
						"default":""					
					},
					{
						"name":"city",
						"type":"tinytext",
						"fieldtype":"text",
						"displayname":"City",
						"default":""					
					},
					{
						"name":"state",
						"type":"tinytext",
						"fieldtype":"text",
						"displayname":"State",
						"default":"Settings::DefaultState"					
					},
					{
						"name":"zip",
						"type":"tinytext",
						"fieldtype":"text",
						"displayname":"Zip",
						"default":""					
					},
					{
						"name":"country",
						"type":"tinytext",
						"fieldtype":"text",
						"displayname":"Country",
						"default":"Settings::DefaultCountry"					
					},
					{
						"name":"addresstype",
						"type":"enum#Billing|Shipping",
						"fieldtype":"select",
						"displayname":"Address Type",
						"default":"Billing"					
					}
				],
				"data":[
					{
						"street":"35 College Ave.",
						"city":"Los Gatos",
						"state":"CA",
						"zip":"95030",
						"country":"US"
					}
				]
			}			
		]
	}
}