SET SQL_MODE = "NO_AUTO_VALUE_ON_ZERO";
SET AUTOCOMMIT = 0;
START TRANSACTION;
SET time_zone = "+00:00"; 

CREATE TABLE `blocks` (
	`id` binary(16) NOT NULL,
	`status` enum('active','inactive') CHARACTER SET utf8mb4 COLLATE utf8mb4_unicode_ci NOT NULL DEFAULT 'active',
	`statusreason` enum('live','test','dev') CHARACTER SET utf8mb4 COLLATE utf8mb4_unicode_ci NOT NULL DEFAULT 'dev',
	`createdon` datetime NOT NULL DEFAULT current_timestamp(),
	`modifiedon` datetime DEFAULT NULL ON UPDATE current_timestamp(),
	`entity_id` binary(16) NOT NULL COMMENT 'entity:entities',
	`name` text CHARACTER SET utf8mb4 COLLATE utf8mb4_unicode_ci NOT NULL,
	`script` longtext CHARACTER SET utf8mb4 COLLATE utf8mb4_bin NOT NULL COMMENT 'deployable:true',
	`style` longtext CHARACTER SET utf8mb4 COLLATE utf8mb4_bin NOT NULL COMMENT 'deployable:true',
	`html` longtext CHARACTER SET utf8mb4 COLLATE utf8mb4_bin NOT NULL COMMENT 'deployable:true',
	`live-order` int(11) NOT NULL,
	`live-options` mediumtext CHARACTER SET utf8mb4 COLLATE utf8mb4_unicode_ci NOT NULL,
	`live-script` longtext CHARACTER SET utf8mb4 COLLATE utf8mb4_unicode_ci DEFAULT NULL,
	`live-style` longtext CHARACTER SET utf8mb4 COLLATE utf8mb4_unicode_ci DEFAULT NULL,
	`live-html` longtext CHARACTER SET utf8mb4 COLLATE utf8mb4_unicode_ci DEFAULT NULL,
	`live-modified` datetime NOT NULL,
	`test-order` int(11) NOT NULL,
	`test-options` mediumtext CHARACTER SET utf8mb4 COLLATE utf8mb4_unicode_ci NOT NULL,
	`test-script` longtext CHARACTER SET utf8mb4 COLLATE utf8mb4_unicode_ci DEFAULT NULL,
	`test-style` longtext CHARACTER SET utf8mb4 COLLATE utf8mb4_unicode_ci DEFAULT NULL,
	`test-html` longtext CHARACTER SET utf8mb4 COLLATE utf8mb4_unicode_ci DEFAULT NULL,
	`test-modified` datetime NOT NULL,
	`dev-order` int(11) NOT NULL,
	`dev-options` mediumtext CHARACTER SET utf8mb4 COLLATE utf8mb4_unicode_ci NOT NULL,
	`dev-script` longtext CHARACTER SET utf8mb4 COLLATE utf8mb4_unicode_ci DEFAULT NULL,
	`dev-style` longtext CHARACTER SET utf8mb4 COLLATE utf8mb4_unicode_ci DEFAULT NULL,
	`dev-html` longtext CHARACTER SET utf8mb4 COLLATE utf8mb4_unicode_ci DEFAULT NULL,
	`dev-modified` datetime NOT NULL,
	`rollback-order` int(11) NOT NULL,
	`rollback-options` mediumtext CHARACTER SET utf8mb4 COLLATE utf8mb4_unicode_ci NOT NULL,
	`rollback-script` longtext CHARACTER SET utf8mb4 COLLATE utf8mb4_unicode_ci DEFAULT NULL,
	`rollback-style` longtext CHARACTER SET utf8mb4 COLLATE utf8mb4_unicode_ci DEFAULT NULL,
	`rollback-html` longtext CHARACTER SET utf8mb4 COLLATE utf8mb4_unicode_ci DEFAULT NULL,
	`rollback-modified` datetime NOT NULL
) ENGINE=InnoDB DEFAULT CHARSET=utf8mb4 COLLATE=utf8mb4_unicode_ci  COMMENT='{"EN":"blocks", "SN":"block"}';

INSERT INTO `blocks` (`id`, `status`, `statusreason`, `createdon`, `modifiedon`, `entity_id`, `name`, `script`, `style`, `html`, `live-order`, `live-options`, `live-script`, `live-style`, `live-html`, `live-modified`, `test-order`, `test-options`, `test-script`, `test-style`, `test-html`, `test-modified`, `dev-order`, `dev-options`, `dev-script`, `dev-style`, `dev-html`, `dev-modified`, `rollback-order`, `rollback-options`, `rollback-script`, `rollback-style`, `rollback-html`, `rollback-modified`) VALUES
(_SI_GUID_0, 'active', 'dev', '_SI_NOWTIME_', NULL, _SI_GUID_1, 'Forgot', '', '', '', 0, '', 'console.log(\'Forgot loaded\'); Forgot={ Submit:function(self){ let email = self.previousSibling.value; let options = { data:{ \"KEY\":\"ForgotPassword\", \"email\":email } } Tools.Ajax(options); } } ', NULL, '<!-- Forgot block --><span id=\"span_emaillbl\" style=\"position: static; font-variant: small-caps; color: rgb(255, 255, 0); font-size: large; display: block;\">Enter Your Email To Reset Your Password</span><input id=\"input_KC4ruuL\" style=\"background-color: rgba(128, 128, 128, 0.08); padding: 3px; border: 1px solid rgba(0, 0, 0, 0.3); width: 277px; height: 21px;\"><input id=\"input_nLw0qH9\" style=\"background-color: rgba(0, 0, 0, 0.08); padding: 6px; border: 1px solid rgba(0, 0, 0, 0.3); color: rgb(234, 234, 92); font-variant: small-caps;\" type=\"button\" value=\"Submit\" onclick=\"Forgot.Submit(this);\">', '0000-00-00 00:00:00', 0, '', 'console.log(\'Forgot loaded\'); Forgot={ Submit:function(self){ let email = self.previousSibling.value; let options = { data:{ \"KEY\":\"ForgotPassword\", \"email\":email } } Tools.Ajax(options); } } ', NULL, '<!-- Forgot block --><span id=\"span_emaillbl\" style=\"position: static; font-variant: small-caps; color: rgb(255, 255, 0); font-size: large; display: block;\">Enter Your Email To Reset Your Password</span><input id=\"input_KC4ruuL\" style=\"background-color: rgba(128, 128, 128, 0.08); padding: 3px; border: 1px solid rgba(0, 0, 0, 0.3); width: 277px; height: 21px;\"><input id=\"input_nLw0qH9\" style=\"background-color: rgba(0, 0, 0, 0.08); padding: 6px; border: 1px solid rgba(0, 0, 0, 0.3); color: rgb(234, 234, 92); font-variant: small-caps;\" type=\"button\" value=\"Submit\" onclick=\"Forgot.Submit(this);\">', '0000-00-00 00:00:00', 0, '{\"tag\":\"div\",\"style\":{\"position\":\"static\",\"left\":\"0px\",\"top\":\"0px\",\"width\":\"100%\",\"height\":\"500px\"}}', 'console.log(\'Forgot loaded\'); Forgot={ Submit:function(self){ let email = self.previousSibling.value; let options = { Data:{ \"KEY\":\"ForgotPassword\", \"email\":email } } Tools.Ajax(options); } } ', '.Forgot { }', '<!-- Forgot block --><span id=\"span_emaillbl\" class=\"si-editable-element\" style=\"position: static; font-variant: small-caps; color: rgb(255, 255, 0); font-size: large; display: block;\">Enter Your Email To Reset Your Password</span><input id=\"input_KC4ruuL\" class=\"si-editable-element\" style=\"background-color: rgba(128, 128, 128, 0.08); padding: 3px; border: 1px solid rgba(0, 0, 0, 0.3); width: 277px; height: 21px;\"><input id=\"input_nLw0qH9\" class=\"si-editable-element\" style=\"background-color: rgba(0, 0, 0, 0.08); padding: 6px; border: 1px solid rgba(0, 0, 0, 0.3); color: rgb(234, 234, 92); font-variant: small-caps;\" type=\"button\" value=\"Submit\" onclick=\"Forgot.Submit(this);\">', '0000-00-00 00:00:00', 0, '', 'console.log(\'Forgot loaded\'); Forgot={ Submit:function(self){ let email = self.previousSibling.value; let options = { data:{ \"KEY\":\"ForgotPassword\", \"email\":email } } Tools.Ajax(options); } } ', NULL, '<!-- Forgot block --><span id=\"span_emaillbl\" style=\"position: static; font-variant: small-caps; color: rgb(255, 255, 0); font-size: large; display: block;\">Enter Your Email To Reset Your Password</span><input id=\"input_KC4ruuL\" style=\"background-color: rgba(128, 128, 128, 0.08); padding: 3px; border: 1px solid rgba(0, 0, 0, 0.3); width: 277px; height: 21px;\"><input id=\"input_nLw0qH9\" style=\"background-color: rgba(0, 0, 0, 0.08); padding: 6px; border: 1px solid rgba(0, 0, 0, 0.3); color: rgb(234, 234, 92); font-variant: small-caps;\" type=\"button\" value=\"Submit\" onclick=\"Forgot.Submit(this);\">', '0000-00-00 00:00:00'),
(_SI_GUID_2, 'active', 'live', '_SI_NOWTIME_', NULL, _SI_GUID_1, 'Page Not Found', '', '', '', 0, '{\"tag\":\"header\",\"name\":\"Page Not Found\",\"style\":{\"position\":\"static\",\"left\":\"0px\",\"top\":\"0px\",\"width\":\"100%\",\"height\":\"900px\"}}', 'PageNotFound = {}', '.pagenotfound{}', '<h1>Not Found</h1> <p>The requested URL was not found on this server.</p>', '0000-00-00 00:00:00', 0, '{\"tag\":\"header\",\"name\":\"Page Not Found\",\"style\":{\"position\":\"static\",\"left\":\"0px\",\"top\":\"0px\",\"width\":\"100%\",\"height\":\"900px\"}}', 'PageNotFound = {}', '.pagenotfound{}', '<h1>Page Not Found</h1>', '0000-00-00 00:00:00', 0, '{\"tag\":\"header\",\"style\":{\"position\":\"static\",\"left\":\"0px\",\"top\":\"0px\",\"width\":\"100%\",\"height\":\"900px\"}}', 'PageNotFound = {}', '.pagenotfound{}', '<h1 class=\"si-editable-element\" id=\"h1_hrurQBj\" style=\"background-color: rgb(41, 55, 180); top: 24px; position: absolute; left: 100px; padding: 10px 15px; color: rgb(225, 254, 255);\"> Page not found </h1>', '0000-00-00 00:00:00', 0, '', NULL, NULL, NULL, '0000-00-00 00:00:00'),
(_SI_GUID_3, 'active', 'dev', '_SI_NOWTIME_', NULL, _SI_GUID_1, 'Documentation', '', '', '', 0, '', 'console.log(\'Documentation loaded\');', '.Documentation { }', '<!-- Documentation block --><span id=\"span_xCipJgx\" style=\"position: absolute; top: 144px; text-align: center; width: 100%; font-size: xx-large; color: gold;\">Documentation Goes Here</span>', '0000-00-00 00:00:00', 0, '', 'console.log(\'Documentation loaded\');', '.Documentation { }', '<!-- Documentation block --><span id=\"span_xCipJgx\" style=\"position: absolute; top: 144px; text-align: center; width: 100%; font-size: xx-large; color: gold;\">Documentation Goes Here</span>', '0000-00-00 00:00:00', 0, '{\"tag\":\"div\",\"style\":{\"position\":\"static\",\"left\":\"0px\",\"top\":\"0px\",\"width\":\"100%\",\"height\":\"500px\"}}', 'console.log(\'Documentation loaded\');', '.Documentation { }', '<!-- Documentation block --><span id=\"span_xCipJgx\" class=\"si-editable-element\" style=\"position: absolute; top: 144px; text-align: center; width: 100%; font-size: xx-large; color: gold;\">Documentation Goes Here</span>', '0000-00-00 00:00:00', 0, '', 'console.log(\'Documentation loaded\');', '.Documentation { }', '<!-- Documentation block --><span id=\"span_xCipJgx\" style=\"position: absolute; top: 144px; text-align: center; width: 100%; font-size: xx-large; color: gold;\">Documentation Goes Here</span>', '0000-00-00 00:00:00'),
(_SI_GUID_4, 'active', 'dev', '_SI_NOWTIME_', NULL, _SI_GUID_1, 'Menu', '', '', '', 0, '{\"tag\":\"div\",\"style\":{\"position\":\"absolute\",\"left\":\"52%\",\"top\":\"100px\",\"width\":\"300px\",\"height\":\"60px\"}}', 'console.log(\'Menu Script Load Succeeded\'); ', NULL, '<div id=\"div_aboutbtn\" style=\"border: 1px solid rgba(0, 0, 0, 0.573); width: 130px; height: inherit; overflow: hidden; position: static; top: 0px; left: 0px; background-color: rgba(70, 66, 51, 0.33); color: rgb(243, 255, 26); user-select: none; display: inline-block;\" onclick=\"window.location.href = &quot;/about&quot;;\" > <span id=\"span_aboutlbl\" style=\"position: absolute; top: 21px; left: 45px; width: 48px; font-variant: small-caps;\" class=\" si-multilingual-UYGIKUYLLBIUBTFNJUDB si-multilingual\" data-si_ml_index=\"1\" data-si_ml_token=\"UYGIKUYLLBIUBTFNJUDB\">SI_MULTILANG_UYGIKUYLLBIUBTFNJUDB</span></div><div id=\"div_documentationbtn\" style=\"border: 1px solid rgba(0, 0, 0, 0.537); height: inherit; overflow: hidden; position: relative; display: inline-block; background-color: rgba(70, 66, 51, 0.353); width: 150px;\" onclick=\"window.location = &quot;/documentation&quot;;\" ><span id=\"span_documentationlbl\" style=\"position: relative; top: 21px; left: 24px; color: rgb(255, 255, 128); resize: none; font-variant: small-caps; user-select: none;\" >Documentation</span></div><div id=\"div_contactbtn\" style=\"border: 1px solid black; width: 120px; height: inherit; position: absolute; background-color: rgba(70, 66, 51, 0.357); display: inline-block;\" data-m-off-x=\"55\" data-m-off-y=\"43\" onclick=\"window.location.href = &quot;/contact&quot;;\"> <span id=\"div_contactlbl\" style=\"position: relative; top: 21px; left: 27px; color: rgb(255, 255, 128); font-variant: small-caps;\" data-m-off-x=\"35\" data-m-off-y=\"6\">Contact</span></div>', '0000-00-00 00:00:00', 0, '{\"tag\":\"div\",\"style\":{\"position\":\"absolute\",\"left\":\"52%\",\"top\":\"100px\",\"width\":\"300px\",\"height\":\"60px\"}}', 'console.log(\'Menu Script Load Succeeded\'); ', NULL, '<div id=\"div_aboutbtn\" style=\"border: 1px solid rgba(0, 0, 0, 0.573); width: 130px; height: inherit; overflow: hidden; position: static; top: 0px; left: 0px; background-color: rgba(70, 66, 51, 0.33); color: rgb(243, 255, 26); user-select: none; display: inline-block;\" onclick=\"window.location.href = &quot;/about&quot;;\" > <span id=\"span_aboutlbl\" style=\"position: absolute; top: 21px; left: 45px; width: 48px; font-variant: small-caps;\" class=\" si-multilingual-UYGIKUYLLBIUBTFNJUDB si-multilingual\" data-si_ml_index=\"1\" data-si_ml_token=\"UYGIKUYLLBIUBTFNJUDB\">SI_MULTILANG_UYGIKUYLLBIUBTFNJUDB</span></div><div id=\"div_documentationbtn\" style=\"border: 1px solid rgba(0, 0, 0, 0.537); height: inherit; overflow: hidden; position: relative; display: inline-block; background-color: rgba(70, 66, 51, 0.353); width: 150px;\" onclick=\"window.location = &quot;/documentation&quot;;\" ><span id=\"span_documentationlbl\" style=\"position: relative; top: 21px; left: 24px; color: rgb(255, 255, 128); resize: none; font-variant: small-caps; user-select: none;\" >Documentation</span></div><div id=\"div_contactbtn\" style=\"border: 1px solid black; width: 120px; height: inherit; position: absolute; background-color: rgba(70, 66, 51, 0.357); display: inline-block;\" data-m-off-x=\"55\" data-m-off-y=\"43\" onclick=\"window.location.href = &quot;/contact&quot;;\"> <span id=\"div_contactlbl\" style=\"position: relative; top: 21px; left: 27px; color: rgb(255, 255, 128); font-variant: small-caps;\" data-m-off-x=\"35\" data-m-off-y=\"6\">Contact</span></div>', '0000-00-00 00:00:00', 2, '{\"tag\":\"div\",\"style\":{\"position\":\"absolute\",\"left\":\"52%\",\"top\":\"100px\",\"width\":\"300px\",\"height\":\"60px\"}}', 'console.log(\'Menu Script Load Succeeded\'); ', NULL, '<div id=\"div_aboutbtn\" style=\"border: 1px solid rgba(0, 0, 0, 0.573); width: 130px; height: inherit; overflow: hidden; position: static; top: 0px; left: 0px; background-color: rgba(70, 66, 51, 0.33); color: rgb(243, 255, 26); user-select: none; display: inline-block;\" onclick=\"window.location.href = &quot;/about&quot;;\" > <span id=\"span_aboutlbl\" style=\"position: absolute; top: 21px; left: 45px; width: 48px; font-variant: small-caps;\" class=\"si-multilingual-UYGIKUYLLBIUBTFNJUDB si-multilingual \" data-si_ml_index=\"1\" data-si_ml_token=\"UYGIKUYLLBIUBTFNJUDB\">SI_MULTILANG_UYGIKUYLLBIUBTFNJUDB</span></div><div id=\"div_documentationbtn\" style=\"border: 1px solid rgba(0, 0, 0, 0.537); height: inherit; overflow: hidden; position: relative; display: inline-block; background-color: rgba(70, 66, 51, 0.353); width: 150px;\" onclick=\"window.location = &quot;/documentation&quot;;\" ><span id=\"span_documentationlbl\" style=\"position: relative; top: 21px; left: 24px; color: rgb(255, 255, 128); resize: none; font-variant: small-caps; user-select: none;\" >Documentation</span></div><div id=\"div_contactbtn\" style=\"border: 1px solid black; width: 120px; height: inherit; position: absolute; background-color: rgba(70, 66, 51, 0.357); display: inline-block;\" data-m-off-x=\"55\" data-m-off-y=\"43\" onclick=\"window.location.href = &quot;/contact&quot;;\" > <span id=\"div_contactlbl\" style=\"position: relative; top: 21px; left: 27px; color: rgb(255, 255, 128); font-variant: small-caps;\" data-m-off-x=\"35\" data-m-off-y=\"6\" >Contact</span></div>', '0000-00-00 00:00:00', 0, '{\"tag\":\"div\",\"style\":{\"position\":\"absolute\",\"left\":\"52%\",\"top\":\"100px\",\"width\":\"700px\",\"height\":\"60px\"}}', 'console.log(\'Menu Script Load Succeeded\'); ', NULL, '<div id=\"div_aboutbtn\" style=\"border: 1px solid rgba(0, 0, 0, 0.573); width: 130px; height: inherit; overflow: hidden; position: static; top: 0px; left: 0px; background-color: rgba(70, 66, 51, 0.33); color: rgb(243, 255, 26); user-select: none; display: inline-block;\" onclick=\"window.location.href = &quot;/about&quot;;\" > <span id=\"span_aboutlbl\" style=\"position: absolute; top: 21px; left: 45px; width: 48px; font-variant: small-caps;\" class=\" si-multilingual-UYGIKUYLLBIUBTFNJUDB si-multilingual\" data-si_ml_index=\"1\" data-si_ml_token=\"UYGIKUYLLBIUBTFNJUDB\">SI_MULTILANG_UYGIKUYLLBIUBTFNJUDB</span></div><div id=\"div_documentationbtn\" style=\"border: 1px solid rgba(0, 0, 0, 0.537); height: inherit; overflow: hidden; position: relative; display: inline-block; background-color: rgba(70, 66, 51, 0.353); width: 150px;\" onclick=\"window.location = &quot;/documentation&quot;;\" ><span id=\"span_documentationlbl\" style=\"position: relative; top: 21px; left: 24px; color: rgb(255, 255, 128); resize: none; font-variant: small-caps; user-select: none;\" >Documentation</span></div><div id=\"div_contactbtn\" style=\"border: 1px solid black; width: 120px; height: inherit; position: absolute; background-color: rgba(70, 66, 51, 0.357); display: inline-block;\" data-m-off-x=\"55\" data-m-off-y=\"43\" onclick=\"window.location.href = &quot;/contact&quot;;\"> <span id=\"div_contactlbl\" style=\"position: relative; top: 21px; left: 27px; color: rgb(255, 255, 128); font-variant: small-caps;\" data-m-off-x=\"35\" data-m-off-y=\"6\">Contact</span></div>', '0000-00-00 00:00:00'),
(_SI_GUID_5, 'active', 'live', '_SI_NOWTIME_', NULL, _SI_GUID_1, 'Login', '', '', '', 1, '{\"tag\":\"section\",\"style\":{\"position\":\"absolute\",\"left\":\"80%\",\"top\":\"0px\",\"width\":\"360px\",\"height\":\"120px\"}}', 'SI.Login = { Init: function () { //If we have a logged in user than show the logout box, else show the login box if (SI.User.Name !== \"guest\") { document.getElementById(\'si_loggedinname\').innerHTML = \"Logged In: \" + SI.User.Name; document.getElementById(\'si_loginbox\').style.display = \'none\'; document.getElementById(\'si_loggedinbox\').style.display = \'block\'; } else { document.getElementById(\'si_loggedinbox\').style.display = \'none\'; document.getElementById(\'si_loginbox\').style.display = \'block\'; } }, Attempt: function () { let email = document.getElementById(\'si_login_email\').value; let password = document.getElementById(\'si_login_password\').value; let rememberme = document.getElementById(\'si_login_remember_me\').checked; SI.Tools.Ajax({ Data: { KEY: \'LoginAttempt\', email: email, password: password, rememberme: rememberme } }); }, RememberMe: function (self) { if (self.checked === true) { //let expire = new Date(new Date().setFullYear(new Date().getFullYear() + 1)) //document.cookie = \"rememberme=true; expires=\"+expire+\";path=/\"; } else { let expire = new Date(new Date().setFullYear(new Date().getFullYear() + -1)) document.cookie = \"rememberme=true; expires=\" + expire + \";path=/\"; } }, Logout: function () { SI.Tools.Ajax({ Data: { KEY: \'Logout\' } }); } } SI.Login.Init(); ', '#si_loginbox { width:400px; height:200px; } #si_loggedinbox { width:400px; height:200px; } ', '<div id=\"si_loginbox\" style=\"user-select: none; height: 100%; padding-left: 26px; padding-top: 1px; display: none;\" data-boxshadow=\"\"> <form id=\"form_login\" style=\"\"> <h3 id=\"h3_gDw9Iad\" data-boxshadow=\"\" style=\"color: rgb(255, 255, 136); font-variant: small-caps;\">Login</h3> <span id=\"span_kTrkNtL\" data-boxshadow=\"\" style=\" color: #FFFF88; font-variant: small-caps; \">email</span> <input type=\"email\" id=\"si_login_email\" style=\"margin-left: 28px; background-color: rgba(128, 128, 128, 0.08); padding: 3px; border: 1px solid rgba(0, 0, 0, 0.3);\"> <br id=\"si_loginspace01\"> <span id=\"span_2onGXZx\" style=\" color: #FFFF88; font-variant: small-caps; \">password</span> <input type=\"password\" id=\"si_login_password\" style=\"background-color: rgba(128, 128, 128, 0.08); padding: 3px; border: 1px solid rgba(0, 0, 0, 0.3);\"> <br id=\"br_pxC1By3\"> <span id=\"span_3IldTVD\" style=\" font-variant: small-caps; color: #FFFF88; \">remember me</span> <input type=\"checkbox\" onclick=\"Login.RememberMe(this);\" id=\"si_login_remember_me\" style=\"\"> <button onclick=\"SI.Login.Attempt();\" id=\"button_LgnO8ic\" style=\"background-color: rgba(0, 0, 0, 0.08); padding: 6px; border: 1px solid rgba(0, 0, 0, 0.3); color: rgb(234, 234, 92); font-variant: small-caps;\">Login</button> <a id=\"a_forgot\" style=\"position: static; color: rgb(2, 2, 204); text-decoration: none; margin-left: 22px;\" data-m-off-x=\"1\" data-m-off-y=\"6\" href=\"/forgot\">forgot</a></form> </div> <div id=\"si_loggedinbox\" style=\"display: block;\" data-boxshadow=\"\"> <span id=\"si_loggedinname\" style=\"margin-right: 10px; user-select: none; font-variant: small-caps; color: rgb(255, 255, 128);\" data-boxshadow=\"\">Logged In: admin</span> <button onclick=\"SI.Login.Logout();\" id=\"si_logoutbutton\" data-boxshadow=\"\" style=\"background-color: rgba(0, 0, 0, 0.08); padding: 6px; border: 1px solid rgba(0, 0, 0, 0.3); color: rgb(234, 234, 92); font-variant: small-caps;\">Logout</button> </div>', '0000-00-00 00:00:00', 1, '{\"tag\":\"section\",\"style\":{\"position\":\"absolute\",\"left\":\"80%\",\"top\":\"0px\",\"width\":\"360px\",\"height\":\"120px\"}}', 'SI.Login = { Init: function () { //If we have a logged in user than show the logout box, else show the login box if (SI.User.Name !== \"guest\") { document.getElementById(\'si_loggedinname\').innerHTML = \"Logged In: \" + SI.User.Name; document.getElementById(\'si_loginbox\').style.display = \'none\'; document.getElementById(\'si_loggedinbox\').style.display = \'block\'; } else { document.getElementById(\'si_loggedinbox\').style.display = \'none\'; document.getElementById(\'si_loginbox\').style.display = \'block\'; } }, Attempt: function () { let email = document.getElementById(\'si_login_email\').value; let password = document.getElementById(\'si_login_password\').value; let rememberme = document.getElementById(\'si_login_remember_me\').checked; SI.Tools.Ajax({ Data: { KEY: \'LoginAttempt\', email: email, password: password, rememberme: rememberme } }); }, RememberMe: function (self) { if (self.checked === true) { //let expire = new Date(new Date().setFullYear(new Date().getFullYear() + 1)) //document.cookie = \"rememberme=true; expires=\"+expire+\";path=/\"; } else { let expire = new Date(new Date().setFullYear(new Date().getFullYear() + -1)) document.cookie = \"rememberme=true; expires=\" + expire + \";path=/\"; } }, Logout: function () { SI.Tools.Ajax({ Data: { KEY: \'Logout\' } }); } } SI.Login.Init(); ', '#si_loginbox { width:400px; height:200px; } #si_loggedinbox { width:400px; height:200px; } ', '<div id=\"si_loginbox\" style=\"user-select: none; height: 100%; padding-left: 26px; padding-top: 1px; display: none;\" data-boxshadow=\"\"> <form id=\"form_login\" style=\"\"> <h3 id=\"h3_gDw9Iad\" data-boxshadow=\"\" style=\"color: rgb(255, 255, 136); font-variant: small-caps;\">Login</h3> <span id=\"span_kTrkNtL\" data-boxshadow=\"\" style=\" color: #FFFF88; font-variant: small-caps; \">email</span> <input type=\"email\" id=\"si_login_email\" style=\"margin-left: 28px; background-color: rgba(128, 128, 128, 0.08); padding: 3px; border: 1px solid rgba(0, 0, 0, 0.3);\"> <br id=\"si_loginspace01\"> <span id=\"span_2onGXZx\" style=\" color: #FFFF88; font-variant: small-caps; \">password</span> <input type=\"password\" id=\"si_login_password\" style=\"background-color: rgba(128, 128, 128, 0.08); padding: 3px; border: 1px solid rgba(0, 0, 0, 0.3);\"> <br id=\"br_pxC1By3\"> <span id=\"span_3IldTVD\" style=\" font-variant: small-caps; color: #FFFF88; \">remember me</span> <input type=\"checkbox\" onclick=\"Login.RememberMe(this);\" id=\"si_login_remember_me\" style=\"\"> <button onclick=\"SI.Login.Attempt();\" id=\"button_LgnO8ic\" style=\"background-color: rgba(0, 0, 0, 0.08); padding: 6px; border: 1px solid rgba(0, 0, 0, 0.3); color: rgb(234, 234, 92); font-variant: small-caps;\">Login</button> <a id=\"a_forgot\" style=\"position: static; color: rgb(2, 2, 204); text-decoration: none; margin-left: 22px;\" data-m-off-x=\"1\" data-m-off-y=\"6\" href=\"/forgot\">forgot</a></form> </div> <div id=\"si_loggedinbox\" style=\"display: block;\" data-boxshadow=\"\"> <span id=\"si_loggedinname\" style=\"margin-right: 10px; user-select: none; font-variant: small-caps; color: rgb(255, 255, 128);\" data-boxshadow=\"\">Logged In: admin</span> <button onclick=\"SI.Login.Logout();\" id=\"si_logoutbutton\" data-boxshadow=\"\" style=\"background-color: rgba(0, 0, 0, 0.08); padding: 6px; border: 1px solid rgba(0, 0, 0, 0.3); color: rgb(234, 234, 92); font-variant: small-caps;\">Logout</button> </div>', '0000-00-00 00:00:00', 2, '{\"tag\":\"section\",\"style\":{\"position\":\"absolute\",\"left\":\"80%\",\"top\":\"0px\",\"width\":\"360px\",\"height\":\"120px\"}}', 'SI.Login = { Init: function () { //If we have a logged in user than show the logout box, else show the login box if (SI.User.Name !== \"guest\") { document.getElementById(\'si_loggedinname\').innerHTML = \"Logged In: \" + SI.User.Name; document.getElementById(\'si_loginbox\').style.display = \'none\'; document.getElementById(\'si_loggedinbox\').style.display = \'block\'; } else { document.getElementById(\'si_loggedinbox\').style.display = \'none\'; document.getElementById(\'si_loginbox\').style.display = \'block\'; } }, Attempt: function () { let email = document.getElementById(\'si_login_email\').value; let password = document.getElementById(\'si_login_password\').value; let rememberme = document.getElementById(\'si_login_remember_me\').checked; SI.Tools.Ajax({ Data: { KEY: \'LoginAttempt\', email: email, password: password, rememberme: rememberme } }); }, RememberMe: function (self) { if (self.checked === true) { //let expire = new Date(new Date().setFullYear(new Date().getFullYear() + 1)) //document.cookie = \"rememberme=true; expires=\"+expire+\";path=/\"; } else { let expire = new Date(new Date().setFullYear(new Date().getFullYear() + -1)) document.cookie = \"rememberme=true; expires=\" + expire + \";path=/\"; } }, Logout: function () { SI.Tools.Ajax({ Data: { KEY: \'Logout\' } }); } } SI.Login.Init(); ', '#si_loginbox { width:400px; height:200px; } #si_loggedinbox { width:400px; height:200px; } ', '<div id=\"si_loginbox\" style=\"user-select: none; height: 100%; padding-left: 26px; padding-top: 1px; display: none;\" data-boxshadow=\"\" > <form id=\"form_login\" style=\"\" > <h3 id=\"h3_gDw9Iad\" data-boxshadow=\"\" style=\"color: rgb(255, 255, 136); font-variant: small-caps;\" >Login</h3> <span id=\"span_kTrkNtL\" data-boxshadow=\"\" style=\" color: #FFFF88; font-variant: small-caps; \" >email</span> <input type=\"email\" id=\"si_login_email\" style=\"margin-left: 28px; background-color: rgba(128, 128, 128, 0.08); padding: 3px; border: 1px solid rgba(0, 0, 0, 0.3);\" > <br id=\"si_loginspace01\" > <span id=\"span_2onGXZx\" style=\" color: #FFFF88; font-variant: small-caps; \" >password</span> <input type=\"password\" id=\"si_login_password\" style=\"background-color: rgba(128, 128, 128, 0.08); padding: 3px; border: 1px solid rgba(0, 0, 0, 0.3);\" > <br id=\"br_pxC1By3\" > <span id=\"span_3IldTVD\" style=\" font-variant: small-caps; color: #FFFF88; \" >remember me</span> <input type=\"checkbox\" onclick=\"Login.RememberMe(this);\" id=\"si_login_remember_me\" style=\"\" > <button onclick=\"SI.Login.Attempt();\" id=\"button_LgnO8ic\" style=\"background-color: rgba(0, 0, 0, 0.08); padding: 6px; border: 1px solid rgba(0, 0, 0, 0.3); color: rgb(234, 234, 92); font-variant: small-caps;\" >Login</button> <a id=\"a_forgot\" style=\"position: static; color: rgb(2, 2, 204); text-decoration: none; margin-left: 22px;\" data-m-off-x=\"1\" data-m-off-y=\"6\" href=\"/forgot\" >forgot</a></form> </div> <div id=\"si_loggedinbox\" style=\"display: block;\" data-boxshadow=\"\" > <span id=\"si_loggedinname\" style=\"margin-right: 10px; user-select: none; font-variant: small-caps; color: rgb(255, 255, 128);\" data-boxshadow=\"\" >Logged In: admin</span> <button onclick=\"SI.Login.Logout();\" id=\"si_logoutbutton\" data-boxshadow=\"\" style=\"background-color: rgba(0, 0, 0, 0.08); padding: 6px; border: 1px solid rgba(0, 0, 0, 0.3); color: rgb(234, 234, 92); font-variant: small-caps;\" >Logout</button> </div>', '0000-00-00 00:00:00', 1, '{\"tag\":\"section\",\"style\":{\"position\":\"absolute\",\"left\":\"80%\",\"top\":\"0px\",\"width\":\"360px\",\"height\":\"120px\"}}', 'SI.Login = { Init: function () { //If we have a logged in user than show the logout box, else show the login box if (SI.User.Name !== \"guest\") { document.getElementById(\'si_loggedinname\').innerHTML = \"Logged In: \" + SI.User.Name; document.getElementById(\'si_loginbox\').style.display = \'none\'; document.getElementById(\'si_loggedinbox\').style.display = \'block\'; } else { document.getElementById(\'si_loggedinbox\').style.display = \'none\'; document.getElementById(\'si_loginbox\').style.display = \'block\'; } }, Attempt: function () { let email = document.getElementById(\'si_login_email\').value; let password = document.getElementById(\'si_login_password\').value; let rememberme = document.getElementById(\'si_login_remember_me\').checked; SI.Tools.Ajax({ Data: { KEY: \'LoginAttempt\', email: email, password: password, rememberme: rememberme } }); }, RememberMe: function (self) { if (self.checked === true) { //let expire = new Date(new Date().setFullYear(new Date().getFullYear() + 1)) //document.cookie = \"rememberme=true; expires=\"+expire+\";path=/\"; } else { let expire = new Date(new Date().setFullYear(new Date().getFullYear() + -1)) document.cookie = \"rememberme=true; expires=\" + expire + \";path=/\"; } }, Logout: function () { SI.Tools.Ajax({ Data: { KEY: \'Logout\' } }); } } SI.Login.Init(); ', '#si_loginbox { width:400px; height:200px; } #si_loggedinbox { width:400px; height:200px; } ', '<div id=\"si_loginbox\" style=\"user-select: none; height: 100%; padding-left: 26px; padding-top: 1px; display: none;\" data-boxshadow=\"\"> <form id=\"form_login\" style=\"\"> <h3 id=\"h3_gDw9Iad\" data-boxshadow=\"\" style=\"color: rgb(255, 255, 136); font-variant: small-caps;\">Login</h3> <span id=\"span_kTrkNtL\" data-boxshadow=\"\" style=\" color: #FFFF88; font-variant: small-caps; \">email</span> <input type=\"email\" id=\"si_login_email\" style=\"margin-left: 28px; background-color: rgba(128, 128, 128, 0.08); padding: 3px; border: 1px solid rgba(0, 0, 0, 0.3);\"> <br id=\"si_loginspace01\"> <span id=\"span_2onGXZx\" style=\" color: #FFFF88; font-variant: small-caps; \">password</span> <input type=\"password\" id=\"si_login_password\" style=\"background-color: rgba(128, 128, 128, 0.08); padding: 3px; border: 1px solid rgba(0, 0, 0, 0.3);\"> <br id=\"br_pxC1By3\"> <span id=\"span_3IldTVD\" style=\" font-variant: small-caps; color: #FFFF88; \">remember me</span> <input type=\"checkbox\" onclick=\"Login.RememberMe(this);\" id=\"si_login_remember_me\" style=\"\"> <button onclick=\"SI.Login.Attempt();\" id=\"button_LgnO8ic\" style=\"background-color: rgba(0, 0, 0, 0.08); padding: 6px; border: 1px solid rgba(0, 0, 0, 0.3); color: rgb(234, 234, 92); font-variant: small-caps;\">Login</button> <a id=\"a_forgot\" style=\"position: static; color: rgb(2, 2, 204); text-decoration: none; margin-left: 22px;\" data-m-off-x=\"1\" data-m-off-y=\"6\" href=\"/forgot\">forgot</a></form> </div> <div id=\"si_loggedinbox\" style=\"display: block;\" data-boxshadow=\"\"> <span id=\"si_loggedinname\" style=\"margin-right: 10px; user-select: none; font-variant: small-caps; color: rgb(255, 255, 128);\" data-boxshadow=\"\">Logged In: admin</span> <button onclick=\"SI.Login.Logout();\" id=\"si_logoutbutton\" data-boxshadow=\"\" style=\"background-color: rgba(0, 0, 0, 0.08); padding: 6px; border: 1px solid rgba(0, 0, 0, 0.3); color: rgb(234, 234, 92); font-variant: small-caps;\">Logout</button> </div>', '0000-00-00 00:00:00'),
(_SI_GUID_6, 'active', 'live', '_SI_NOWTIME_', NULL, _SI_GUID_1, 'Header', '', '', '', 0, '{\"tag\":\"header\",\"style\":{\"position\":\"static\",\"left\":\"0px\",\"top\":\"0px\",\"width\":\"100%\",\"height\":\"1001px\"}}', 'console.log(\'Header Script Load Succeeded\'); ', '#img_mainlogo { position:absolute; top:6px; left:61px; width:313px; height:155px; } #div_beachbackground { width:100%; height:inherit; } ', '<div id=\"div_beachbackground\" style=\"overflow: hidden; background-image: url(&quot;http://localhost/media/images/background-sunset.jpg&quot;); background-size: cover;\"> <img id=\"img_mainlogo\" style=\"resize: both; overflow: hidden; background-size: contain; user-select: none;\" src=\"http://localhost/media/images/logo.png\" onclick=\"window.location.href = &quot;/&quot;;\"></div>', '0000-00-00 00:00:00', 0, '{\"tag\":\"header\",\"style\":{\"position\":\"static\",\"left\":\"0px\",\"top\":\"0px\",\"width\":\"100%\",\"height\":\"1001px\"}}', 'console.log(\'Header Script Load Succeeded\'); ', '#img_mainlogo { position:absolute; top:6px; left:61px; width:313px; height:155px; } #div_beachbackground { width:100%; height:inherit; } ', '<div id=\"div_beachbackground\" style=\"overflow: hidden; background-image: url(&quot;http://localhost/media/images/background-sunset.jpg&quot;); background-size: cover;\"> <img id=\"img_mainlogo\" style=\"resize: both; overflow: hidden; background-size: contain; user-select: none;\" src=\"http://localhost/media/images/logo.png\" onclick=\"window.location.href = &quot;/&quot;;\"></div>', '0000-00-00 00:00:00', 0, '{\"tag\":\"header\",\"style\":{\"position\":\"static\",\"left\":\"0px\",\"top\":\"0px\",\"width\":\"100%\",\"height\":\"1001px\"}}', 'console.log(\'Header Script Load Succeeded\'); ', '#img_mainlogo { position:absolute; top:6px; left:61px; width:313px; height:155px; } #div_beachbackground { width:100%; height:inherit; } ', '<div id=\"div_beachbackground\" style=\"overflow: hidden; background-image: url(&quot;http://localhost/media/images/background-sunset.jpg&quot;); background-size: cover;\" > <img id=\"img_mainlogo\" style=\"resize: both; overflow: hidden; background-size: contain; user-select: none;\" src=\"http://localhost/media/images/logo.png\" onclick=\"window.location.href = &quot;/&quot;;\" ></div>', '0000-00-00 00:00:00', 0, '{\"tag\":\"header\",\"style\":{\"position\":\"static\",\"left\":\"0px\",\"top\":\"0px\",\"width\":\"100%\",\"height\":\"1001px\"}}', 'console.log(\'Header Script Load Succeeded\'); ', '#img_mainlogo { position:absolute; top:6px; left:61px; width:313px; height:155px; } #div_beachbackground { width:100%; height:inherit; } ', '<div id=\"div_beachbackground\" style=\"overflow: hidden; background-image: url(&quot;http://localhost/media/images/background-sunset.jpg&quot;); background-size: cover;\"> <img id=\"img_mainlogo\" style=\"resize: both; overflow: hidden; background-size: contain; user-select: none;\" src=\"http://localhost/media/images/logo.png\" onclick=\"window.location.href = &quot;/&quot;;\"></div>', '0000-00-00 00:00:00'),
(_SI_GUID_7, 'active', 'dev', '_SI_NOWTIME_', NULL, _SI_GUID_1, 'Footer', '', '', '', 0, '', 'console.log(\'Footer loaded\');', '.Footer { }', '<!-- Footer block --><span id=\"span_I6bWnud\" style=\"position: absolute; top: 65px; color: rgb(209, 213, 87); left: 75%;\" data-m-off-x=\"23\" data-m-off-y=\"12\" title=\"Change me to your company\">©2020 Super Intuitive</span>', '0000-00-00 00:00:00', 0, '', 'console.log(\'Footer loaded\');', '.Footer { }', '<!-- Footer block --><span id=\"span_I6bWnud\" style=\"position: absolute; top: 65px; color: rgb(209, 213, 87); left: 75%;\" data-m-off-x=\"23\" data-m-off-y=\"12\" title=\"Change me to your company\">©2020 Super Intuitive</span>', '0000-00-00 00:00:00', 0, '{\"tag\":\"div\",\"style\":{\"position\":\"static\",\"left\":\"0px\",\"top\":\"0px\",\"width\":\"100%\",\"height\":\"500px\"}}', 'console.log(\'Footer loaded\');', '.Footer { }', '<!-- Footer block --><span id=\"span_I6bWnud\" style=\"position: absolute; top: 65px; color: rgb(209, 213, 87); left: 75%;\" data-m-off-x=\"23\" data-m-off-y=\"12\" title=\"Change me to your company\">©2020 Super Intuitive</span>', '0000-00-00 00:00:00', 0, '', 'console.log(\'Footer loaded\');', '.Footer { }', '<!-- Footer block --><span id=\"span_I6bWnud\" style=\"position: absolute; top: 65px; color: rgb(209, 213, 87); left: 75%;\" data-m-off-x=\"23\" data-m-off-y=\"12\" title=\"Change me to your company\">©2020 Super Intuitive</span>', '0000-00-00 00:00:00'),
(_SI_GUID_8, 'active', 'dev', '_SI_NOWTIME_', NULL, _SI_GUID_1, 'About', '', '', '', 0, '{\"tag\":\"div\",\"style\":{\"position\":\"static\",\"left\":\"0px\",\"top\":\"0px\",\"width\":\"100%\",\"height\":\"900px\"}}', NULL, NULL, '<span id=\"span_lqe4ynk\" style=\"position: absolute; top: 92px; font-size: xx-large; width: 100%; text-align: center; color: gold;\" contenteditable=\"True\">This is where I tell you all about myself or my company</span>', '0000-00-00 00:00:00', 0, '{\"tag\":\"div\",\"style\":{\"position\":\"static\",\"left\":\"0px\",\"top\":\"0px\",\"width\":\"100%\",\"height\":\"900px\"}}', NULL, NULL, '<span id=\"span_lqe4ynk\" style=\"position: absolute; top: 92px; font-size: xx-large; width: 100%; text-align: center; color: gold;\" contenteditable=\"True\">This is where I tell you all about myself or my company</span>', '0000-00-00 00:00:00', 3, '{\"tag\":\"div\",\"style\":{\"position\":\"static\",\"left\":\"0px\",\"top\":\"0px\",\"width\":\"100%\",\"height\":\"900px\"}}', NULL, NULL, '<span id=\"span_lqe4ynk\" class=\"si-editable-element\" style=\"position: absolute; top: 92px; font-size: xx-large; width: 100%; text-align: center; color: gold;\" contenteditable=\"True\">This is where I tell you all about myself or my company</span>', '0000-00-00 00:00:00', 0, '{\"tag\":\"div\",\"style\":{\"position\":\"static\",\"left\":\"0px\",\"top\":\"0px\",\"width\":\"100%\",\"height\":\"900px\"}}', NULL, NULL, '<span id=\"span_lqe4ynk\" style=\"position: absolute; top: 92px; font-size: xx-large; width: 100%; text-align: center; color: gold;\" contenteditable=\"True\">This is where I tell you all about myself or my company</span>', '0000-00-00 00:00:00'),
(_SI_GUID_9, 'active', 'dev', '_SI_NOWTIME_', NULL, _SI_GUID_1, 'Content', '', '', '', 0, '', NULL, NULL, NULL, '0000-00-00 00:00:00', 0, '', NULL, NULL, NULL, '0000-00-00 00:00:00', 0, '{\"tag\":\"div\",\"style\":{\"position\":\"static\",\"left\":\"0px\",\"top\":\"0px\",\"width\":\"100%\",\"height\":\"500px\"}}', 'console.log(\'Content loaded\');', '.Content { }', '<!-- Content block -->', '0000-00-00 00:00:00', 0, '', NULL, NULL, NULL, '0000-00-00 00:00:00');

CREATE TABLE `blocktemplates` (
	`id` binary(16) NOT NULL,
	`status` enum('active','inactive') CHARACTER SET utf8mb4 COLLATE utf8mb4_unicode_ci NOT NULL DEFAULT 'active',
	`statusreason` enum('live','test','dev') CHARACTER SET utf8mb4 COLLATE utf8mb4_unicode_ci NOT NULL DEFAULT 'dev',
	`createdon` datetime NOT NULL DEFAULT current_timestamp(),
	`modifiedon` datetime DEFAULT NULL ON UPDATE current_timestamp(),
	`entity_id` binary(16) NOT NULL COMMENT 'entity:entities',
	`name` text CHARACTER SET utf8mb4 COLLATE utf8mb4_unicode_ci NOT NULL,
	`options` mediumtext CHARACTER SET utf8mb4 COLLATE utf8mb4_unicode_ci NOT NULL,
	`html` longtext CHARACTER SET utf8mb4 COLLATE utf8mb4_unicode_ci DEFAULT NULL,
	`style` longtext CHARACTER SET utf8mb4 COLLATE utf8mb4_unicode_ci DEFAULT NULL,
	`script` longtext CHARACTER SET utf8mb4 COLLATE utf8mb4_unicode_ci DEFAULT NULL,
	`thumb` text CHARACTER SET utf8mb4 COLLATE utf8mb4_unicode_ci NOT NULL,
	`category` mediumtext CHARACTER SET utf8mb4 COLLATE utf8mb4_unicode_ci NOT NULL,
	`order` int(11) NOT NULL
) ENGINE=InnoDB DEFAULT CHARSET=utf8mb4 COLLATE=utf8mb4_unicode_ci  COMMENT='{"EN":"blocktemplates", "SN":"blocktemplate"}';

INSERT INTO `blocktemplates` (`id`, `status`, `statusreason`, `createdon`, `modifiedon`, `entity_id`, `name`, `options`, `html`, `style`, `script`, `thumb`, `category`, `order`) VALUES
(_SI_GUID_10, 'active', 'dev', '_SI_NOWTIME_', NULL, _SI_GUID_11, 'Login Form', '{\"tag\":\"div\",\"name\":\"Login\",\"style\":{\"position\":\"absolute\",\"left\":\"80%\",\"top\":\"0px\",\"width\":\"360px\",\"height\":\"120px\"}}', '<div id=\"si_loginbox\" class=\"si-editable-element\" style=\"user-select: none; height: 100%; padding-left: 26px; padding-top: 1px; display: none;\"> <h3 class=\"si-editable-element\" id=\"h3_gDw9Iad\">Login</h3> <span class=\"si-editable-element\" id=\"span_kTrkNtL\">email</span> <input type=\"email\" id=\"si_login_email\" class=\"si-editable-element\" style=\"margin-right: 30px; margin-left: 25px;\"> <br class=\"si-editable-element\" id=\"br_1s2x4el\"> <span class=\"si-editable-element\" id=\"span_2onGXZx\">password</span> <input type=\"password\" class=\"si-editable-element\" id=\"si_login_password\"> <br class=\"si-editable-element\" id=\"br_pxC1By3\"> <span class=\"si-editable-element\" id=\"span_3IldTVD\">remember me</span> <input type=\"checkbox\" onclick=\"Login.RememberMe(this);\" class=\"si-editable-element\" id=\"input_pcH5SF4\"> <button onclick=\"Login.Attempt(this);\" class=\"si-editable-element\" id=\"button_LgnO8ic\">Login</button> </div> <div id=\"si_loggedinbox\" class=\"si-editable-element\" style=\"display: block;\"> <span class=\"si-editable-element\" id=\"si_loggedinname\" style=\"margin-right: 10px;\">Logged In: Bob Allen</span> <button onclick=\"Login.Logout(this);\" class=\"si-editable-element\" id=\"si_logoutbutton\">Logout</button> </div>', '#si_loginbox{ color:white; width:300px; height:200px; padding:30px; } #si_loggedinbox{ color:white; width:300px; height:200px; padding:30px; }', 'let Login={ Init:function(){ if(typeof LoggedInUser != \"undefined\"){ document.getElementById(\'si_loggedinname\').innerHTML = \"Logged In: \"+LoggedInUser.name; document.getElementById(\'si_loginbox\').style.display = \'none\'; document.getElementById(\'si_loggedinbox\').style.display = \'block\'; }else{ document.getElementById(\'si_loggedinbox\').style.display = \'none\'; document.getElementById(\'si_loginbox\').style.display = \'block\'; } }, Attempt:function(){ let email = document.getElementById(\'si_login_email\').value; let password = document.getElementById(\'si_login_password\').value; Tools.Ajax({Data:{Key:\'LoginAttempt\',email:email, password:password}}); }, RememberMe:function(self){ if(self.checked == true){ let expire = new Date(new Date().setFullYear(new Date().getFullYear() + 1)) document.cookie = \"rememberme=true; expires=\"+expire+\";path=/\"; } else{ let expire = new Date(new Date().setFullYear(new Date().getFullYear() + -1)) document.cookie = \"rememberme=true; expires=\"+expire+\";path=/\"; } }, Logout:function(){ Tools.Ajax({Data:{Key:\'Logout\'}}); } } Login.Init();', 'V8AhYlVX0Ib', 'Security,Login', 1);

CREATE TABLE `businessunits` (
	`id` binary(16) NOT NULL,
	`status` enum('active','inactive') CHARACTER SET utf8mb4 COLLATE utf8mb4_unicode_ci NOT NULL DEFAULT 'active',
	`createdon` datetime NOT NULL DEFAULT current_timestamp(),
	`modifiedon` datetime DEFAULT NULL ON UPDATE current_timestamp(),
	`domain_id` binary(16) NOT NULL COMMENT 'entity:domains',
	`name` varchar(255) CHARACTER SET utf8mb4 COLLATE utf8mb4_unicode_ci NOT NULL
) ENGINE=InnoDB DEFAULT CHARSET=utf8mb4 COLLATE=utf8mb4_unicode_ci  COMMENT='{"EN":"businessunits", "SN":"businessunit"}';

INSERT INTO `businessunits` (`id`, `status`, `createdon`, `modifiedon`, `domain_id`, `name`) VALUES
(_SI_GUID_12, 'active', '_SI_NOWTIME_', NULL, _SI_GUID_13, '');

CREATE TABLE `domains` (
	`id` binary(16) NOT NULL,
	`status` enum('active','inactive') CHARACTER SET utf8mb4 COLLATE utf8mb4_unicode_ci NOT NULL DEFAULT 'active',
	`createdon` datetime NOT NULL DEFAULT current_timestamp(),
	`modifiedon` datetime DEFAULT NULL ON UPDATE current_timestamp(),
	`name` varchar(255) CHARACTER SET utf8mb4 COLLATE utf8mb4_unicode_ci NOT NULL
) ENGINE=InnoDB DEFAULT CHARSET=utf8mb4 COLLATE=utf8mb4_unicode_ci  COMMENT='{"EN":"domains", "SN":"domain"}';

INSERT INTO `domains` (`id`, `status`, `createdon`, `modifiedon`, `name`) VALUES
(_SI_GUID_13, 'active', '_SI_NOWTIME_', NULL, '__SI_DOMAIN_NAME__');

CREATE TABLE `emails` (
	`id` binary(16) NOT NULL,
	`status` enum('active','inactive') CHARACTER SET utf8mb4 COLLATE utf8mb4_unicode_ci NOT NULL DEFAULT 'active',
	`statusreason` enum('live','test','dev') CHARACTER SET utf8mb4 COLLATE utf8mb4_unicode_ci NOT NULL DEFAULT 'dev',
	`createdon` datetime NOT NULL DEFAULT current_timestamp(),
	`modifiedon` datetime DEFAULT NULL ON UPDATE current_timestamp(),
	`entity_id` binary(16) NOT NULL COMMENT 'entity:entities',
	`name` varchar(255) CHARACTER SET utf8mb4 COLLATE utf8mb4_unicode_ci DEFAULT NULL,
	`to` tinytext CHARACTER SET utf8mb4 COLLATE utf8mb4_unicode_ci DEFAULT NULL,
	`subject` tinytext CHARACTER SET utf8mb4 COLLATE utf8mb4_unicode_ci DEFAULT NULL,
	`body` mediumtext CHARACTER SET utf8mb4 COLLATE utf8mb4_unicode_ci DEFAULT NULL
) ENGINE=InnoDB DEFAULT CHARSET=utf8mb4 COLLATE=utf8mb4_unicode_ci  COMMENT='{"EN":"emails", "SN":"email","global":"false"}';

INSERT INTO `emails` (`id`, `status`, `statusreason`, `createdon`, `modifiedon`, `entity_id`, `name`, `to`, `subject`, `body`) VALUES;

CREATE TABLE `entities` (
	`id` binary(16) NOT NULL,
	`status` enum('active','inactive') CHARACTER SET utf8mb4 COLLATE utf8mb4_unicode_ci NOT NULL DEFAULT 'active',
	`createdon` datetime NOT NULL DEFAULT current_timestamp(),
	`modifiedon` datetime DEFAULT NULL ON UPDATE current_timestamp(),
	`domain_id` binary(16) NOT NULL COMMENT 'entity:domains',
	`businessunit_id` binary(16) NOT NULL COMMENT 'entity:businessunits',
	`name` varchar(255) CHARACTER SET utf8mb4 COLLATE utf8mb4_unicode_ci DEFAULT NULL,
	`quantity` int(11),
	`options` longtext CHARACTER SET utf8mb4 COLLATE utf8mb4_unicode_ci NOT NULL
) ENGINE=InnoDB DEFAULT CHARSET=utf8mb4 COLLATE=utf8mb4_unicode_ci ;

INSERT INTO `entities` (`id`, `status`, `createdon`, `modifiedon`, `domain_id`, `businessunit_id`, `name`, `quantity`, `options`) VALUES
(_SI_GUID_11, 'active', '_SI_NOWTIME_', NULL, _SI_GUID_13, _SI_GUID_12, 'blocktemplates', 0, ''),
(_SI_GUID_14, 'active', '_SI_NOWTIME_', NULL, _SI_GUID_13, _SI_GUID_12, 'users', 0, ''),
(_SI_GUID_1, 'active', '_SI_NOWTIME_', NULL, _SI_GUID_13, _SI_GUID_12, 'blocks', 0, ''),
(_SI_GUID_15, 'active', '_SI_NOWTIME_', NULL, _SI_GUID_13, _SI_GUID_12, 'libraries', 0, ''),
(_SI_GUID_16, 'active', '_SI_NOWTIME_', NULL, _SI_GUID_13, _SI_GUID_12, 'pages', 0, ''),
(_SI_GUID_17, 'active', '_SI_NOWTIME_', NULL, _SI_GUID_13, _SI_GUID_12, 'media', 0, ''),
(_SI_GUID_18, 'active', '_SI_NOWTIME_', NULL, _SI_GUID_13, _SI_GUID_12, 'pagetemplates', 0, ''),
(_SI_GUID_19, 'active', '_SI_NOWTIME_', NULL, _SI_GUID_13, _SI_GUID_12, 'preferences', 0, ''),
(_SI_GUID_20, 'active', '_SI_NOWTIME_', NULL, _SI_GUID_13, _SI_GUID_12, 'relations', 0, ''),
(_SI_GUID_21, 'active', '_SI_NOWTIME_', NULL, _SI_GUID_13, _SI_GUID_12, 'sessions', 0, ''),
(_SI_GUID_22, 'active', '_SI_NOWTIME_', NULL, _SI_GUID_13, _SI_GUID_12, 'settings', 0, ''),
(_SI_GUID_23, 'active', '_SI_NOWTIME_', NULL, _SI_GUID_13, _SI_GUID_12, 'securityroles', 0, ''),
(_SI_GUID_24, 'active', '_SI_NOWTIME_', NULL, _SI_GUID_13, _SI_GUID_12, 'localtext', 0, '');

CREATE TABLE `libraries` (
	`id` binary(16) NOT NULL,
	`status` enum('active','inactive') CHARACTER SET utf8mb4 COLLATE utf8mb4_unicode_ci NOT NULL DEFAULT 'active',
	`createdon` datetime NOT NULL DEFAULT current_timestamp(),
	`modifiedon` datetime DEFAULT NULL ON UPDATE current_timestamp(),
	`name` varchar(255) CHARACTER SET utf8mb4 COLLATE utf8mb4_unicode_ci NOT NULL,
	`version` text CHARACTER SET utf8mb4 COLLATE utf8mb4_unicode_ci NOT NULL,
	`dev-css` longtext CHARACTER SET utf8mb4 COLLATE utf8mb4_unicode_ci NOT NULL,
	`dev-js` longtext CHARACTER SET utf8mb4 COLLATE utf8mb4_unicode_ci NOT NULL,
	`live-css` longtext CHARACTER SET utf8mb4 COLLATE utf8mb4_unicode_ci NOT NULL,
	`live-js` longtext CHARACTER SET utf8mb4 COLLATE utf8mb4_unicode_ci NOT NULL,
	`svn` mediumtext CHARACTER SET utf8mb4 COLLATE utf8mb4_unicode_ci NOT NULL
) ENGINE=InnoDB DEFAULT CHARSET=utf8mb4 COLLATE=utf8mb4_unicode_ci  COMMENT='{"EN":"libraries", "SN":"library"}';

INSERT INTO `libraries` (`id`, `status`, `createdon`, `modifiedon`, `name`, `version`, `dev-css`, `dev-js`, `live-css`, `live-js`, `svn`) VALUES;

CREATE TABLE `localtext` (
	`id` binary(16) NOT NULL,
	`status` enum('active','inactive') CHARACTER SET utf8mb4 COLLATE utf8mb4_unicode_ci NOT NULL DEFAULT 'active',
	`createdon` datetime NOT NULL DEFAULT current_timestamp(),
	`modifiedon` datetime DEFAULT NULL ON UPDATE current_timestamp(),
	`entity_id` binary(16) NOT NULL,
	`name` varchar(255) CHARACTER SET utf8mb4 COLLATE utf8mb4_unicode_ci NOT NULL,
	`options` mediumtext CHARACTER SET utf8mb4 COLLATE utf8mb4_unicode_ci DEFAULT NULL,
	`_ar` longtext CHARACTER SET utf8mb4 COLLATE utf8mb4_unicode_ci DEFAULT NULL COMMENT '{"Name":"Arabic (Standard)"}',
	`_zh` longtext CHARACTER SET utf8mb4 COLLATE utf8mb4_unicode_ci DEFAULT NULL COMMENT '{"Name":"Chinese"}',
	`_en` longtext CHARACTER SET utf8mb4 COLLATE utf8mb4_unicode_ci DEFAULT NULL COMMENT '{"Name":"English"}',
	`_fr` longtext CHARACTER SET utf8mb4 COLLATE utf8mb4_unicode_ci DEFAULT NULL COMMENT '{"Name":"French (Standard)"}',
	`_de` longtext CHARACTER SET utf8mb4 COLLATE utf8mb4_unicode_ci DEFAULT NULL COMMENT '{"Name":"German (Standard)"}',
	`_hi` longtext CHARACTER SET utf8mb4 COLLATE utf8mb4_unicode_ci DEFAULT NULL COMMENT '{"Name":"Hindi"}',
	`_it` longtext CHARACTER SET utf8mb4 COLLATE utf8mb4_unicode_ci DEFAULT NULL COMMENT '{"Name":"Italian (Standard)"}',
	`_ja` longtext CHARACTER SET utf8mb4 COLLATE utf8mb4_unicode_ci DEFAULT NULL COMMENT '{"Name":"Japanese"}',
	`_ko` longtext CHARACTER SET utf8mb4 COLLATE utf8mb4_unicode_ci DEFAULT NULL COMMENT '{"Name":"Korean"}',
	`_es` longtext CHARACTER SET utf8mb4 COLLATE utf8mb4_unicode_ci DEFAULT NULL COMMENT '{"Name":"Spanish"}',
	`_en-us` longtext CHARACTER SET utf8mb4 COLLATE utf8mb4_unicode_ci DEFAULT NULL COMMENT '{"Name":"English (United States)"}'
) ENGINE=InnoDB DEFAULT CHARSET=utf8mb4 COLLATE=utf8mb4_unicode_ci ;

INSERT INTO `localtext` (`id`, `status`, `createdon`, `modifiedon`, `entity_id`, `name`, `options`, `_ar`, `_zh`, `_en`, `_fr`, `_de`, `_hi`, `_it`, `_ja`, `_ko`, `_es`, `_en-us`) VALUES
(_SI_GUID_25, 'active', '_SI_NOWTIME_', NULL, _SI_GUID_24, 'UYGIKUYLLBIUBTFNJUDB', '{}', 'حول', '关于', 'About', 'Sur', 'Über', 'के बारे में', 'Di', '約', '약', 'Acerca de', NULL),
(_SI_GUID_26, 'active', '_SI_NOWTIME_', NULL, _SI_GUID_24, 'JHVBUYSDVCSDMDJGFNYT', '{}', 'أدوات', '关于', 'Tools', 'Outils', 'Werkzeuge', 'उपकरण', 'Utensili', '道具', '도구', 'Herramientas', NULL);

CREATE TABLE `media` (
	`id` binary(16) NOT NULL,
	`status` enum('active','inactive') CHARACTER SET utf8mb4 COLLATE utf8mb4_unicode_ci NOT NULL DEFAULT 'active',
	`createdon` datetime NOT NULL DEFAULT current_timestamp(),
	`modifiedon` datetime DEFAULT NULL ON UPDATE current_timestamp(),
	`entity_id` binary(16) NOT NULL COMMENT 'entity:entities',
	`hash` binary(20) NOT NULL,
	`mime` text CHARACTER SET utf8mb4 COLLATE utf8mb4_unicode_ci NOT NULL,
	`name` text CHARACTER SET utf8mb4 COLLATE utf8mb4_unicode_ci NOT NULL,
	`path` text CHARACTER SET utf8mb4 COLLATE utf8mb4_unicode_ci NOT NULL,
	`category` tinytext CHARACTER SET utf8mb4 COLLATE utf8mb4_unicode_ci NOT NULL,
	`meta` mediumtext CHARACTER SET utf8mb4 COLLATE utf8mb4_unicode_ci NOT NULL
) ENGINE=InnoDB DEFAULT CHARSET=utf8mb4 COLLATE=utf8mb4_unicode_ci  COMMENT='{"EN":"media", "SN":"media"}';

INSERT INTO `media` (`id`, `status`, `createdon`, `modifiedon`, `entity_id`, `hash`, `mime`, `name`, `path`, `category`, `meta`) VALUES
(_SI_GUID_27, 'active', '_SI_NOWTIME_', NULL, _SI_GUID_17, 0xF173DCA31D8180A604A2EE199F96E9E9138663F2, 'image/jpeg', 'background-sunset.jpg', 'background-sunset.jpg', 'images', '[]'),
(_SI_GUID_28, 'active', '_SI_NOWTIME_', NULL, _SI_GUID_17, 0x42727BC1EC17021B233EAC156F19ECC26CE498EE, 'image/png', 'Favicon', 'favicon.png', 'images', '[]'),
(_SI_GUID_29, 'active', '_SI_NOWTIME_', NULL, _SI_GUID_17, 0xB243412905822B13425DCB4BF9B45F61CDDA1FD1, 'image/png', 'Main Logo', 'logo.png', 'images', '[]'),
(_SI_GUID_30, 'active', '_SI_NOWTIME_', NULL, _SI_GUID_17, 0x4A47DC54C07E40EB48CA92D6DDCAB26FA389DFFE, 'audio/x-wav', 'saved.wav', 'saved.wav', 'audio', '[]'),
(_SI_GUID_31, 'active', '_SI_NOWTIME_', NULL, _SI_GUID_17, 0x30232E19DA51FC27CA04312B40EFF9A0CB82A34F, 'audio/x-wav', 'error.wav', 'error.wav', 'audio', '[]'),
(_SI_GUID_32, 'active', '_SI_NOWTIME_', NULL, _SI_GUID_17, 0x60C2CCB460BBB06A8ACB8805B0D5D77C2C3F3DC1, 'application/pdf', 'SuperIntuitive Documentation.pdf', 'SuperIntuitive Documentation.pdf', 'documents', '[]'),
(_SI_GUID_33, 'active', '_SI_NOWTIME_', NULL, _SI_GUID_17, 0x5521259D8C7C1FFC9A6B2367DF8AB471AB89DCAC, 'application/vnd.openxmlformats-officedocument.spreadsheetml.sheet', 'SuperItuitiveTest.xlsx', 'SuperItuitiveTest.xlsx', 'data', '[]'),
(_SI_GUID_34, 'active', '_SI_NOWTIME_', NULL, _SI_GUID_17, 0x34E76224A58DD5A1602ED7CD7F168EA707C74605, 'font/ttf', 'Inconsolata-Regular.ttf', 'Inconsolata-Regular.ttf', 'fonts', '[]');

CREATE TABLE `pages` (
	`id` binary(16) NOT NULL,
	`status` enum('active','inactive') CHARACTER SET utf8mb4 COLLATE utf8mb4_unicode_ci NOT NULL DEFAULT 'active',
	`statusreason` enum('live','test','dev') CHARACTER SET utf8mb4 COLLATE utf8mb4_unicode_ci NOT NULL DEFAULT 'dev',
	`createdon` datetime NOT NULL DEFAULT current_timestamp(),
	`modifiedon` datetime DEFAULT NULL ON UPDATE current_timestamp(),
	`entity_id` binary(16) NOT NULL COMMENT 'entity:entities',
	`name` varchar(255) CHARACTER SET utf8mb4 COLLATE utf8mb4_unicode_ci DEFAULT NULL,
	`path` text CHARACTER SET utf8mb4 COLLATE utf8mb4_unicode_ci NOT NULL,
	`redirecttopage_id` binary(16) DEFAULT NULL COMMENT 'entity:pages',
	`options` longtext CHARACTER SET utf8mb4 COLLATE utf8mb4_bin NOT NULL COMMENT 'deployable:true',
	`dev-options` mediumtext CHARACTER SET utf8mb4 COLLATE utf8mb4_unicode_ci NOT NULL,
	`test-options` mediumtext CHARACTER SET utf8mb4 COLLATE utf8mb4_unicode_ci NOT NULL,
	`live-options` mediumtext CHARACTER SET utf8mb4 COLLATE utf8mb4_unicode_ci NOT NULL
) ENGINE=InnoDB DEFAULT CHARSET=utf8mb4 COLLATE=utf8mb4_unicode_ci  COMMENT='{"EN":"pages", "SN":"page"}';

INSERT INTO `pages` (`id`, `status`, `statusreason`, `createdon`, `modifiedon`, `entity_id`, `name`, `path`, `redirecttopage_id`, `options`, `dev-options`, `test-options`, `live-options`) VALUES
(_SI_GUID_35, 'active', 'dev', '_SI_NOWTIME_', NULL, _SI_GUID_16, 'forgot', 'forgot', NULL, '{ \"live\":{\"head\":{\"title\":\"Forgot Password\",\"favicon\":\"favicon.png\",\"meta\":{\"name\":{\"description\":\"My Description\",\"keywords\":\"Change Me\",\"language\":\"english\",\"author\":\"me\",\"designer\":\"me\",\"publisher\":\"me\",\"subject\":\"Chnage Me\",\"distribution\":\"web\",\"rating\":\"general\",\"copyright\":\"Copyright 2019\",\"classification\":\"Stuff\",\"no-email-collection\":\"http:\\/\\/www.unspam.com\\/noemailcollection\\/\",\"robots\":\"nofollow,noindex\",\"revisit-after\":\"7 days\",\"reply-to\":\"me@domain.com\",\"city\":\"Los Gatos\",\"country\":\"USA\",\"viewport\":\"width=device-width, initial-scale=1.0\"},\"charset\":\"utf-8\",\"httpEquiv\":{\"content-type\":\"text\\/html\",\"content-style-type\":\"text\\/css\",\"content-script-type\":\"text\\/javascript\"}}},\"body\":{\"style\":{\"margin\":\"0\",\"border\":\"0\",\"padding\":\"0\",\"background-color\":\"rgba(33,23,22,1)\"},\"data\":{\"guid\":\"0x157949502959986B55B7FA24135579C3\"}}}, \"test\":{\"head\":{\"title\":\"Forgot Password\",\"favicon\":\"favicon.png\",\"meta\":{\"name\":{\"description\":\"My Description\",\"keywords\":\"Change Me\",\"language\":\"english\",\"author\":\"me\",\"designer\":\"me\",\"publisher\":\"me\",\"subject\":\"Chnage Me\",\"distribution\":\"web\",\"rating\":\"general\",\"copyright\":\"Copyright 2019\",\"classification\":\"Stuff\",\"no-email-collection\":\"http:\\/\\/www.unspam.com\\/noemailcollection\\/\",\"robots\":\"nofollow,noindex\",\"revisit-after\":\"7 days\",\"reply-to\":\"me@domain.com\",\"city\":\"Los Gatos\",\"country\":\"USA\",\"viewport\":\"width=device-width, initial-scale=1.0\"},\"charset\":\"utf-8\",\"httpEquiv\":{\"content-type\":\"text\\/html\",\"content-style-type\":\"text\\/css\",\"content-script-type\":\"text\\/javascript\"}}},\"body\":{\"style\":{\"margin\":\"0\",\"border\":\"0\",\"padding\":\"0\",\"background-color\":\"rgba(33,23,22,1)\"},\"data\":{\"guid\":\"0x157949502959986B55B7FA24135579C3\"}}}, \"dev\":{\"head\":{\"title\":\"Forgot Password\",\"favicon\":\"favicon.png\",\"meta\":{\"name\":{\"description\":\"My Description\",\"keywords\":\"Change Me\",\"language\":\"english\",\"author\":\"me\",\"designer\":\"me\",\"publisher\":\"me\",\"subject\":\"Chnage Me\",\"distribution\":\"web\",\"rating\":\"general\",\"copyright\":\"Copyright 2019\",\"classification\":\"Stuff\",\"no-email-collection\":\"http:\\/\\/www.unspam.com\\/noemailcollection\\/\",\"robots\":\"nofollow,noindex\",\"revisit-after\":\"7 days\",\"reply-to\":\"me@domain.com\",\"city\":\"Los Gatos\",\"country\":\"USA\",\"viewport\":\"width=device-width, initial-scale=1.0\"},\"charset\":\"utf-8\",\"httpEquiv\":{\"content-type\":\"text\\/html\",\"content-style-type\":\"text\\/css\",\"content-script-type\":\"text\\/javascript\"}}},\"body\":{\"style\":{\"margin\":\"0\",\"border\":\"0\",\"padding\":\"0\",\"background-color\":\"rgba(33,23,22,1)\"},\"data\":{\"guid\":\"0x157949502959986B55B7FA24135579C3\"}}} }', '{\"head\":{\"title\":\"Forgot Password\",\"favicon\":\"favicon.png\",\"meta\":{\"name\":{\"description\":\"My Description\",\"keywords\":\"Change Me\",\"language\":\"english\",\"author\":\"me\",\"designer\":\"me\",\"publisher\":\"me\",\"subject\":\"Chnage Me\",\"distribution\":\"web\",\"rating\":\"general\",\"copyright\":\"Copyright 2019\",\"classification\":\"Stuff\",\"no-email-collection\":\"http:\\/\\/www.unspam.com\\/noemailcollection\\/\",\"robots\":\"nofollow,noindex\",\"revisit-after\":\"7 days\",\"reply-to\":\"me@domain.com\",\"city\":\"Los Gatos\",\"country\":\"USA\",\"viewport\":\"width=device-width, initial-scale=1.0\"},\"charset\":\"utf-8\",\"httpEquiv\":{\"content-type\":\"text\\/html\",\"content-style-type\":\"text\\/css\",\"content-script-type\":\"text\\/javascript\"}}},\"body\":{\"style\":{\"margin\":\"0\",\"border\":\"0\",\"padding\":\"0\",\"background-color\":\"rgba(33,23,22,1)\"},\"data\":{\"guid\":\"0x157949502959986B55B7FA24135579C3\"}}}', '{\"head\":{\"title\":\"Forgot Password\",\"favicon\":\"favicon.png\",\"meta\":{\"name\":{\"description\":\"My Description\",\"keywords\":\"Change Me\",\"language\":\"english\",\"author\":\"me\",\"designer\":\"me\",\"publisher\":\"me\",\"subject\":\"Chnage Me\",\"distribution\":\"web\",\"rating\":\"general\",\"copyright\":\"Copyright 2019\",\"classification\":\"Stuff\",\"no-email-collection\":\"http:\\/\\/www.unspam.com\\/noemailcollection\\/\",\"robots\":\"nofollow,noindex\",\"revisit-after\":\"7 days\",\"reply-to\":\"me@domain.com\",\"city\":\"Los Gatos\",\"country\":\"USA\",\"viewport\":\"width=device-width, initial-scale=1.0\"},\"charset\":\"utf-8\",\"httpEquiv\":{\"content-type\":\"text\\/html\",\"content-style-type\":\"text\\/css\",\"content-script-type\":\"text\\/javascript\"}}},\"body\":{\"style\":{\"margin\":\"0\",\"border\":\"0\",\"padding\":\"0\",\"background-color\":\"rgba(33,23,22,1)\"},\"data\":{\"guid\":\"0x157949502959986B55B7FA24135579C3\"}}}', '{\"head\":{\"title\":\"Forgot Password\",\"favicon\":\"favicon.png\",\"meta\":{\"name\":{\"description\":\"My Description\",\"keywords\":\"Change Me\",\"language\":\"english\",\"author\":\"me\",\"designer\":\"me\",\"publisher\":\"me\",\"subject\":\"Chnage Me\",\"distribution\":\"web\",\"rating\":\"general\",\"copyright\":\"Copyright 2019\",\"classification\":\"Stuff\",\"no-email-collection\":\"http:\\/\\/www.unspam.com\\/noemailcollection\\/\",\"robots\":\"nofollow,noindex\",\"revisit-after\":\"7 days\",\"reply-to\":\"me@domain.com\",\"city\":\"Los Gatos\",\"country\":\"USA\",\"viewport\":\"width=device-width, initial-scale=1.0\"},\"charset\":\"utf-8\",\"httpEquiv\":{\"content-type\":\"text\\/html\",\"content-style-type\":\"text\\/css\",\"content-script-type\":\"text\\/javascript\"}}},\"body\":{\"style\":{\"margin\":\"0\",\"border\":\"0\",\"padding\":\"0\",\"background-color\":\"rgba(33,23,22,1)\"},\"data\":{\"guid\":\"0x157949502959986B55B7FA24135579C3\"}}}'),
(_SI_GUID_36, 'active', 'dev', '_SI_NOWTIME_', NULL, _SI_GUID_16, 'contact', 'contact', NULL, '{ \"live\":{\"head\":{\"title\":\"Contact\",\"favicon\":\"favicon.png\",\"meta\":{\"name\":{\"description\":\"My Description\",\"keywords\":\"Change Me\",\"language\":\"english\",\"author\":\"me\",\"designer\":\"me\",\"publisher\":\"me\",\"subject\":\"Chnage Me\",\"distribution\":\"web\",\"rating\":\"general\",\"copyright\":\"Copyright 2019\",\"classification\":\"Stuff\",\"no-email-collection\":\"http:\\/\\/www.unspam.com\\/noemailcollection\\/\",\"robots\":\"nofollow,noindex\",\"revisit-after\":\"7 days\",\"reply-to\":\"me@domain.com\",\"city\":\"Los Gatos\",\"country\":\"USA\",\"viewport\":\"width=device-width, initial-scale=1.0\"},\"charset\":\"utf-8\",\"httpEquiv\":{\"content-type\":\"text\\/html\",\"content-style-type\":\"text\\/css\",\"content-script-type\":\"text\\/javascript\"}}},\"body\":{\"style\":{\"margin\":\"0\",\"background-color\":\"rgba(33,23,22,1)\",\"position\":\"relative\",\"min-height\":\"100vh\",\"border\":\"0\"},\"data\":{\"guid\":\"0x15853406731CF19C42568A05D30FBE6B\"}}}, \"test\":{\"head\":{\"title\":\"Contact\",\"favicon\":\"favicon.png\",\"meta\":{\"name\":{\"description\":\"My Description\",\"keywords\":\"Change Me\",\"language\":\"english\",\"author\":\"me\",\"designer\":\"me\",\"publisher\":\"me\",\"subject\":\"Chnage Me\",\"distribution\":\"web\",\"rating\":\"general\",\"copyright\":\"Copyright 2019\",\"classification\":\"Stuff\",\"no-email-collection\":\"http:\\/\\/www.unspam.com\\/noemailcollection\\/\",\"robots\":\"nofollow,noindex\",\"revisit-after\":\"7 days\",\"reply-to\":\"me@domain.com\",\"city\":\"Los Gatos\",\"country\":\"USA\",\"viewport\":\"width=device-width, initial-scale=1.0\"},\"charset\":\"utf-8\",\"httpEquiv\":{\"content-type\":\"text\\/html\",\"content-style-type\":\"text\\/css\",\"content-script-type\":\"text\\/javascript\"}}},\"body\":{\"style\":{\"margin\":\"0\",\"background-color\":\"rgba(33,23,22,1)\",\"position\":\"relative\",\"min-height\":\"100vh\",\"border\":\"0\"},\"data\":{\"guid\":\"0x15853406731CF19C42568A05D30FBE6B\"}}}, \"dev\":{\"head\":{\"title\":\"Contact\",\"favicon\":\"favicon.png\",\"meta\":{\"name\":{\"description\":\"My Description\",\"keywords\":\"Change Me\",\"language\":\"english\",\"author\":\"me\",\"designer\":\"me\",\"publisher\":\"me\",\"subject\":\"Chnage Me\",\"distribution\":\"web\",\"rating\":\"general\",\"copyright\":\"Copyright 2019\",\"classification\":\"Stuff\",\"no-email-collection\":\"http:\\/\\/www.unspam.com\\/noemailcollection\\/\",\"robots\":\"nofollow,noindex\",\"revisit-after\":\"7 days\",\"reply-to\":\"me@domain.com\",\"city\":\"Los Gatos\",\"country\":\"USA\",\"viewport\":\"width=device-width, initial-scale=1.0\"},\"charset\":\"utf-8\",\"httpEquiv\":{\"content-type\":\"text\\/html\",\"content-style-type\":\"text\\/css\",\"content-script-type\":\"text\\/javascript\"}}},\"body\":{\"style\":{\"margin\":\"0\",\"background-color\":\"rgba(33,23,22,1)\",\"position\":\"relative\",\"min-height\":\"100vh\",\"border\":\"0\"},\"data\":{\"guid\":\"0x15853406731CF19C42568A05D30FBE6B\"}}} }', '{\"head\":{\"title\":\"Contact\",\"favicon\":\"favicon.png\",\"meta\":{\"name\":{\"description\":\"My Description\",\"keywords\":\"Change Me\",\"language\":\"english\",\"author\":\"me\",\"designer\":\"me\",\"publisher\":\"me\",\"subject\":\"Chnage Me\",\"distribution\":\"web\",\"rating\":\"general\",\"copyright\":\"Copyright 2019\",\"classification\":\"Stuff\",\"no-email-collection\":\"http:\\/\\/www.unspam.com\\/noemailcollection\\/\",\"robots\":\"nofollow,noindex\",\"revisit-after\":\"7 days\",\"reply-to\":\"me@domain.com\",\"city\":\"Los Gatos\",\"country\":\"USA\",\"viewport\":\"width=device-width, initial-scale=1.0\"},\"charset\":\"utf-8\",\"httpEquiv\":{\"content-type\":\"text\\/html\",\"content-style-type\":\"text\\/css\",\"content-script-type\":\"text\\/javascript\"}}},\"body\":{\"style\":{\"margin\":\"0\",\"background-color\":\"rgba(33,23,22,1)\",\"position\":\"relative\",\"min-height\":\"100vh\",\"border\":\"0\"},\"data\":{\"guid\":\"0x15853406731CF19C42568A05D30FBE6B\"}}}', '{\"head\":{\"title\":\"Contact\",\"favicon\":\"favicon.png\",\"meta\":{\"name\":{\"description\":\"My Description\",\"keywords\":\"Change Me\",\"language\":\"english\",\"author\":\"me\",\"designer\":\"me\",\"publisher\":\"me\",\"subject\":\"Chnage Me\",\"distribution\":\"web\",\"rating\":\"general\",\"copyright\":\"Copyright 2019\",\"classification\":\"Stuff\",\"no-email-collection\":\"http:\\/\\/www.unspam.com\\/noemailcollection\\/\",\"robots\":\"nofollow,noindex\",\"revisit-after\":\"7 days\",\"reply-to\":\"me@domain.com\",\"city\":\"Los Gatos\",\"country\":\"USA\",\"viewport\":\"width=device-width, initial-scale=1.0\"},\"charset\":\"utf-8\",\"httpEquiv\":{\"content-type\":\"text\\/html\",\"content-style-type\":\"text\\/css\",\"content-script-type\":\"text\\/javascript\"}}},\"body\":{\"style\":{\"margin\":\"0\",\"background-color\":\"rgba(33,23,22,1)\",\"position\":\"relative\",\"min-height\":\"100vh\",\"border\":\"0\"},\"data\":{\"guid\":\"0x15853406731CF19C42568A05D30FBE6B\"}}}', '{\"head\":{\"title\":\"Contact\",\"favicon\":\"favicon.png\",\"meta\":{\"name\":{\"description\":\"My Description\",\"keywords\":\"Change Me\",\"language\":\"english\",\"author\":\"me\",\"designer\":\"me\",\"publisher\":\"me\",\"subject\":\"Chnage Me\",\"distribution\":\"web\",\"rating\":\"general\",\"copyright\":\"Copyright 2019\",\"classification\":\"Stuff\",\"no-email-collection\":\"http:\\/\\/www.unspam.com\\/noemailcollection\\/\",\"robots\":\"nofollow,noindex\",\"revisit-after\":\"7 days\",\"reply-to\":\"me@domain.com\",\"city\":\"Los Gatos\",\"country\":\"USA\",\"viewport\":\"width=device-width, initial-scale=1.0\"},\"charset\":\"utf-8\",\"httpEquiv\":{\"content-type\":\"text\\/html\",\"content-style-type\":\"text\\/css\",\"content-script-type\":\"text\\/javascript\"}}},\"body\":{\"style\":{\"margin\":\"0\",\"background-color\":\"rgba(33,23,22,1)\",\"position\":\"relative\",\"min-height\":\"100vh\",\"border\":\"0\"},\"data\":{\"guid\":\"0x15853406731CF19C42568A05D30FBE6B\"}}}'),
(_SI_GUID_37, 'active', 'live', '_SI_NOWTIME_', NULL, _SI_GUID_16, '', '', NULL, '', '{\"head\":{\"title\":\"Home Page\",\"favicon\":\"favicon.png\",\"meta\":{\"name\":{\"description\":\"My Home Page\",\"keywords\":\"cms,website,free\",\"language\":\"english\",\"author\":\"webmaster\",\"designer\":\"webmaster\",\"publisher\":\"My Company\",\"subject\":\"Consulting\",\"distribution\":\"web\",\"rating\":\"general\",\"copyright\":\"Copyright 2020\",\"classification\":\"Software to build a website without programming\",\"no-email-collection\":\"http:\\/\\/www.unspam.com\\/noemailcollection\\/\",\"robots\":\"nofollow,noindex\",\"revisit-after\":\"7 days\",\"reply-to\":\"webmaster@mydomain.com\",\"city\":\"Los Gatos\",\"country\":\"USA\",\"viewport\":\"width=device-width, initial-scale=1.0\"},\"charset\":\"utf-8\",\"httpEquiv\":{\"content-type\":\"text\\/html\",\"content-style-type\":\"text\\/css\",\"content-script-type\":\"text\\/javascript\"}}},\"body\":{\"style\":{\"margin\":\"0\",\"border\":\"0\",\"min-height\":\"100vh\",\"padding\":\"0\",\"background-color\":\"rgba(33,23,22,1)\",\"position\":\"relative\"},\"data\":{\"guid\":\"0x158534067321A87955B89F916E29036E\"}}}', '{\"head\":{\"title\":\"Home Page\",\"favicon\":\"favicon.png\",\"meta\":{\"name\":{\"description\":\"My Home Page\",\"keywords\":\"cms,website,free\",\"language\":\"english\",\"author\":\"webmaster\",\"designer\":\"webmaster\",\"publisher\":\"My Company\",\"subject\":\"Consulting\",\"distribution\":\"web\",\"rating\":\"general\",\"copyright\":\"Copyright 2020\",\"classification\":\"Software to build a website without programming\",\"no-email-collection\":\"http:\\/\\/www.unspam.com\\/noemailcollection\\/\",\"robots\":\"nofollow,noindex\",\"revisit-after\":\"7 days\",\"reply-to\":\"webmaster@mydomain.com\",\"city\":\"Los Gatos\",\"country\":\"USA\",\"viewport\":\"width=device-width, initial-scale=1.0\"},\"charset\":\"utf-8\",\"httpEquiv\":{\"content-type\":\"text\\/html\",\"content-style-type\":\"text\\/css\",\"content-script-type\":\"text\\/javascript\"}}},\"body\":{\"style\":{\"margin\":\"0\",\"border\":\"0\",\"min-height\":\"100vh\",\"padding\":\"0\",\"background-color\":\"rgba(33,23,22,1)\",\"position\":\"relative\"},\"data\":{\"guid\":\"0x158534067321A87955B89F916E29036E\"}}}', '{\"head\":{\"title\":\"Home Page\",\"favicon\":\"favicon.png\",\"meta\":{\"name\":{\"description\":\"My Home Page\",\"keywords\":\"cms,website,free\",\"language\":\"english\",\"author\":\"webmaster\",\"designer\":\"webmaster\",\"publisher\":\"My Company\",\"subject\":\"Consulting\",\"distribution\":\"web\",\"rating\":\"general\",\"copyright\":\"Copyright 2020\",\"classification\":\"Software to build a website without programming\",\"no-email-collection\":\"http:\\/\\/www.unspam.com\\/noemailcollection\\/\",\"robots\":\"nofollow,noindex\",\"revisit-after\":\"7 days\",\"reply-to\":\"webmaster@mydomain.com\",\"city\":\"Los Gatos\",\"country\":\"USA\",\"viewport\":\"width=device-width, initial-scale=1.0\"},\"charset\":\"utf-8\",\"httpEquiv\":{\"content-type\":\"text\\/html\",\"content-style-type\":\"text\\/css\",\"content-script-type\":\"text\\/javascript\"}}},\"body\":{\"style\":{\"margin\":\"0\",\"border\":\"0\",\"min-height\":\"100vh\",\"padding\":\"0\",\"background-color\":\"rgba(33,23,22,1)\",\"position\":\"relative\"},\"data\":{\"guid\":\"0x158534067321A87955B89F916E29036E\"}}}'),
(_SI_GUID_38, 'active', 'live', '_SI_NOWTIME_', NULL, _SI_GUID_16, '404', '404', NULL, '', '{\"head\":{\"title\":\"Page Not Found\", \"favicon\":\"media/images/favicon.png\", \"meta\": { \"name\":{ \"description\":\"page not found 404\", \"keywords\":\"cms,website,free\", \"language\":\"english\", \"author\":\"boston\", \"designer\":\"boston\", \"publisher\":\"My Publishing Company\", \"subject\":\"Web Authoring\", \"distribution\":\"web\", \"rating\":\"general\", \"copyright\":\"Copyright __NOW.YEAR__\", \"classification\":\"Software to build a website without programming\", \"no-email-collection\": \"http://www.unspam.com/noemailcollection/\", \"robots\":\"nofollow,noindex\",\"revisit-after\":\"7 days\", \"reply-to\":\"webmaster@localhost.com\", \"city\":\"Anytown\", \"country\":\"USA\", \"viewport\":\"width=device-width, initial-scale=1.0\" }, \"charset\":\"utf-8\", \"http-equiv\":{ \"content-type\":\"text/html\", \"refresh\":\"\", \"content-style-type\":\"text/css\", \"content-script-type\":\"text/javascript\" } } }, \"body\":{ \"style\":{ \"margin\":0, \"padding\":0, \"border\":0, \"background-color\":\"cornflowerblue\",\"height\":\"100%\" }, \"data\":{ } } }', '{ \"head\":{ \"title\":\"Page Not Found\", \"favicon\":\"media/images/favicon.png\", \"meta\": { \"name\":{\"description\":\"page not found 404\",\"keywords\":\"cms,website,free\",\"language\":\"english\",\"author\":\"boston\",\"designer\":\"boston\",\"publisher\":\"My Publishing Company\",\"subject\":\"Web Authoring\",\"distribution\":\"web\",\"rating\":\"general\",\"copyright\":\"Copyright __NOW.YEAR__\",\"classification\":\"Software to build a website without programming\",\"no-email-collection\": \"http://www.unspam.com/noemailcollection/\",\"robots\":\"nofollow,noindex\",\"revisit-after\":\"7 days\",\"reply-to\":\"bob.t.allen@gmail.com\",\"city\":\"Los Gatos\",\"country\":\"USA\",\"viewport\":\"width=device-width, initial-scale=1.0\" }, \"charset\":\"utf-8\", \"http-equiv\":{\"content-type\":\"text/html\",\"refresh\":\"\",\"content-style-type\":\"text/css\",\"content-script-type\":\"text/javascript\" } } }, \"body\":{ \"style\":{ \"margin\":0, \"padding\":0, \"border\":0, \"background-color\":\"cornflowerblue\" }, \"data\":{ } } }', '{ \"head\":{ \"title\":\"Page Not Found\", \"favicon\":\"media/images/favicon.png\", \"meta\": { \"name\":{\"description\":\"page not found 404\",\"keywords\":\"cms,website,free\",\"language\":\"english\",\"author\":\"boston\",\"designer\":\"boston\",\"publisher\":\"My Publishing Company\",\"subject\":\"Web Authoring\",\"distribution\":\"web\",\"rating\":\"general\",\"copyright\":\"Copyright __NOW.YEAR__\",\"classification\":\"Software to build a website without programming\",\"no-email-collection\": \"http://www.unspam.com/noemailcollection/\",\"robots\":\"nofollow,noindex\",\"revisit-after\":\"7 days\",\"reply-to\":\"bob.t.allen@gmail.com\",\"city\":\"Los Gatos\",\"country\":\"USA\",\"viewport\":\"width=device-width, initial-scale=1.0\" }, \"charset\":\"utf-8\", \"http-equiv\":{\"content-type\":\"text/html\",\"refresh\":\"\",\"content-style-type\":\"text/css\",\"content-script-type\":\"text/javascript\" } } }, \"body\":{ \"style\":{ \"margin\":0, \"padding\":0, \"border\":0, \"background-color\":\"cornflowerblue\" }, \"data\":{ } } }'),
(_SI_GUID_39, 'active', 'dev', '_SI_NOWTIME_', NULL, _SI_GUID_16, 'about', 'about', NULL, '', '{\"head\":{\"title\":\"About\",\"favicon\":\"favicon.png\",\"meta\":{\"name\":{\"description\":\"My Description\",\"keywords\":\"Change Me\",\"language\":\"english\",\"author\":\"me\",\"designer\":\"me\",\"publisher\":\"me\",\"subject\":\"Change Me\",\"distribution\":\"web\",\"rating\":\"general\",\"copyright\":\"Copyright 2019\",\"classification\":\"Stuff\",\"no-email-collection\":\"http:\\/\\/www.unspam.com\\/noemailcollection\\/\",\"robots\":\"nofollow,noindex\",\"revisit-after\":\"7 days\",\"reply-to\":\"me@domain.com\",\"city\":\"Los Gatos\",\"country\":\"USA\",\"viewport\":\"width=device-width, initial-scale=1.0\"},\"charset\":\"utf-8\",\"httpEquiv\":{\"content-type\":\"text\\/html\",\"content-style-type\":\"text\\/css\",\"content-script-type\":\"text\\/javascript\"}}},\"body\":{\"style\":{\"margin\":\"0\",\"background-color\":\"rgba(33,23,22,1)\",\"padding\":\"0\",\"position\":\"relative\",\"border\":\"0\",\"min-height\":\"100vh\"},\"data\":{\"guid\":\"0x1585340673C8FEB1293C1350AC5A47CB\"}}}', '{\"head\":{\"title\":\"About\",\"favicon\":\"favicon.png\",\"meta\":{\"name\":{\"description\":\"My Description\",\"keywords\":\"Change Me\",\"language\":\"english\",\"author\":\"me\",\"designer\":\"me\",\"publisher\":\"me\",\"subject\":\"Change Me\",\"distribution\":\"web\",\"rating\":\"general\",\"copyright\":\"Copyright 2019\",\"classification\":\"Stuff\",\"no-email-collection\":\"http:\\/\\/www.unspam.com\\/noemailcollection\\/\",\"robots\":\"nofollow,noindex\",\"revisit-after\":\"7 days\",\"reply-to\":\"me@domain.com\",\"city\":\"Los Gatos\",\"country\":\"USA\",\"viewport\":\"width=device-width, initial-scale=1.0\"},\"charset\":\"utf-8\",\"httpEquiv\":{\"content-type\":\"text\\/html\",\"content-style-type\":\"text\\/css\",\"content-script-type\":\"text\\/javascript\"}}},\"body\":{\"style\":{\"margin\":\"0\",\"background-color\":\"rgba(33,23,22,1)\",\"padding\":\"0\",\"position\":\"relative\",\"border\":\"0\",\"min-height\":\"100vh\"},\"data\":{\"guid\":\"0x1585340673C8FEB1293C1350AC5A47CB\"}}}', '{\"head\":{\"title\":\"About\",\"favicon\":\"favicon.png\",\"meta\":{\"name\":{\"description\":\"My Description\",\"keywords\":\"Change Me\",\"language\":\"english\",\"author\":\"me\",\"designer\":\"me\",\"publisher\":\"me\",\"subject\":\"Change Me\",\"distribution\":\"web\",\"rating\":\"general\",\"copyright\":\"Copyright 2019\",\"classification\":\"Stuff\",\"no-email-collection\":\"http:\\/\\/www.unspam.com\\/noemailcollection\\/\",\"robots\":\"nofollow,noindex\",\"revisit-after\":\"7 days\",\"reply-to\":\"me@domain.com\",\"city\":\"Los Gatos\",\"country\":\"USA\",\"viewport\":\"width=device-width, initial-scale=1.0\"},\"charset\":\"utf-8\",\"httpEquiv\":{\"content-type\":\"text\\/html\",\"content-style-type\":\"text\\/css\",\"content-script-type\":\"text\\/javascript\"}}},\"body\":{\"style\":{\"margin\":\"0\",\"background-color\":\"rgba(33,23,22,1)\",\"padding\":\"0\",\"position\":\"relative\",\"border\":\"0\",\"min-height\":\"100vh\"},\"data\":{\"guid\":\"0x1585340673C8FEB1293C1350AC5A47CB\"}}}'),
(_SI_GUID_40, 'active', 'dev', '_SI_NOWTIME_', NULL, _SI_GUID_16, 'documentation', 'documentation', NULL, '', '{\"head\":{\"title\":\"Documentation\",\"favicon\":\"favicon.png\",\"meta\":{\"name\":{\"description\":\"My Description\",\"keywords\":\"Change Me\",\"language\":\"english\",\"author\":\"me\",\"designer\":\"me\",\"publisher\":\"me\",\"subject\":\"Chnage Me\",\"distribution\":\"web\",\"rating\":\"general\",\"copyright\":\"Copyright 2019\",\"classification\":\"Stuff\",\"no-email-collection\":\"http:\\/\\/www.unspam.com\\/noemailcollection\\/\",\"robots\":\"nofollow,noindex\",\"revisit-after\":\"7 days\",\"reply-to\":\"me@domain.com\",\"city\":\"Los Gatos\",\"country\":\"USA\",\"viewport\":\"width=device-width, initial-scale=1.0\"},\"charset\":\"utf-8\",\"httpEquiv\":{\"content-type\":\"text\\/html\",\"content-style-type\":\"text\\/css\",\"content-script-type\":\"text\\/javascript\"}}},\"body\":{\"style\":{\"margin\":\"0\",\"border\":\"0\",\"min-height\":\"100vh\",\"padding\":\"0\",\"background-color\":\"rgba(33,23,22,1)\",\"position\":\"relative\"},\"data\":{\"guid\":\"0x1585340673EA2BD56A59EE5C8A3DABE9\"}}}', '{\"head\":{\"title\":\"Documentation\",\"favicon\":\"favicon.png\",\"meta\":{\"name\":{\"description\":\"My Description\",\"keywords\":\"Change Me\",\"language\":\"english\",\"author\":\"me\",\"designer\":\"me\",\"publisher\":\"me\",\"subject\":\"Chnage Me\",\"distribution\":\"web\",\"rating\":\"general\",\"copyright\":\"Copyright 2019\",\"classification\":\"Stuff\",\"no-email-collection\":\"http:\\/\\/www.unspam.com\\/noemailcollection\\/\",\"robots\":\"nofollow,noindex\",\"revisit-after\":\"7 days\",\"reply-to\":\"me@domain.com\",\"city\":\"Los Gatos\",\"country\":\"USA\",\"viewport\":\"width=device-width, initial-scale=1.0\"},\"charset\":\"utf-8\",\"httpEquiv\":{\"content-type\":\"text\\/html\",\"content-style-type\":\"text\\/css\",\"content-script-type\":\"text\\/javascript\"}}},\"body\":{\"style\":{\"margin\":\"0\",\"border\":\"0\",\"min-height\":\"100vh\",\"padding\":\"0\",\"background-color\":\"rgba(33,23,22,1)\",\"position\":\"relative\"},\"data\":{\"guid\":\"0x1585340673EA2BD56A59EE5C8A3DABE9\"}}}', '{\"head\":{\"title\":\"Documentation\",\"favicon\":\"favicon.png\",\"meta\":{\"name\":{\"description\":\"My Description\",\"keywords\":\"Change Me\",\"language\":\"english\",\"author\":\"me\",\"designer\":\"me\",\"publisher\":\"me\",\"subject\":\"Chnage Me\",\"distribution\":\"web\",\"rating\":\"general\",\"copyright\":\"Copyright 2019\",\"classification\":\"Stuff\",\"no-email-collection\":\"http:\\/\\/www.unspam.com\\/noemailcollection\\/\",\"robots\":\"nofollow,noindex\",\"revisit-after\":\"7 days\",\"reply-to\":\"me@domain.com\",\"city\":\"Los Gatos\",\"country\":\"USA\",\"viewport\":\"width=device-width, initial-scale=1.0\"},\"charset\":\"utf-8\",\"httpEquiv\":{\"content-type\":\"text\\/html\",\"content-style-type\":\"text\\/css\",\"content-script-type\":\"text\\/javascript\"}}},\"body\":{\"style\":{\"margin\":\"0\",\"border\":\"0\",\"min-height\":\"100vh\",\"padding\":\"0\",\"background-color\":\"rgba(33,23,22,1)\",\"position\":\"relative\"},\"data\":{\"guid\":\"0x1585340673EA2BD56A59EE5C8A3DABE9\"}}}');

CREATE TABLE `pagetemplates` (
	`id` binary(16) NOT NULL,
	`status` enum('active','inactive') CHARACTER SET utf8mb4 COLLATE utf8mb4_unicode_ci NOT NULL DEFAULT 'active',
	`createdon` datetime NOT NULL DEFAULT current_timestamp(),
	`modifiedon` datetime DEFAULT NULL ON UPDATE current_timestamp(),
	`entity_id` binary(16) NOT NULL COMMENT 'entity:entities',
	`name` varchar(255) CHARACTER SET utf8mb4 COLLATE utf8mb4_unicode_ci NOT NULL,
	`options` mediumtext CHARACTER SET utf8mb4 COLLATE utf8mb4_unicode_ci NOT NULL,
	`blocks` mediumtext CHARACTER SET utf8mb4 COLLATE utf8mb4_unicode_ci NOT NULL
) ENGINE=InnoDB DEFAULT CHARSET=utf8mb4 COLLATE=utf8mb4_unicode_ci  COMMENT='{"EN":"pagetemplates", "SN":"pagetemplate"}';

INSERT INTO `pagetemplates` (`id`, `status`, `createdon`, `modifiedon`, `entity_id`, `name`, `options`, `blocks`) VALUES;

CREATE TABLE `preferences` (
	`id` binary(16) NOT NULL,
	`status` enum('active','inactive') CHARACTER SET utf8mb4 COLLATE utf8mb4_unicode_ci NOT NULL DEFAULT 'active',
	`createdon` datetime NOT NULL DEFAULT current_timestamp(),
	`modifiedon` datetime DEFAULT NULL ON UPDATE current_timestamp(),
	`entity_id` binary(16) NOT NULL COMMENT 'entity:entities',
	`name` varchar(255) CHARACTER SET utf8mb4 COLLATE utf8mb4_unicode_ci NOT NULL,
	`attributes` longtext CHARACTER SET utf8mb4 COLLATE utf8mb4_unicode_ci NOT NULL DEFAULT '\'{}\'' COMMENT '{desc:"json data with setup options"}'
) ENGINE=InnoDB DEFAULT CHARSET=utf8mb4 COLLATE=utf8mb4_unicode_ci  COMMENT='{"EN":"settings", "SN":"setting"}';

INSERT INTO `preferences` (`id`, `status`, `createdon`, `modifiedon`, `entity_id`, `name`, `attributes`) VALUES;

CREATE TABLE `relations` (
	`id` binary(16) NOT NULL,
	`status` enum('active','inactive') CHARACTER SET utf8mb4 COLLATE utf8mb4_unicode_ci NOT NULL DEFAULT 'active',
	`createdon` datetime NOT NULL DEFAULT current_timestamp(),
	`modifiedon` datetime DEFAULT NULL ON UPDATE current_timestamp(),
	`entity_id` binary(16) NOT NULL COMMENT 'entity:entities',
	`parententity_id` binary(16) NOT NULL COMMENT 'entity:entities',
	`childentity_id` binary(16) NOT NULL COMMENT 'entity:entities',
	`parent_id` binary(16) NOT NULL COMMENT 'entity:*',
	`child_id` binary(16) NOT NULL COMMENT 'entity:*',
	`note` text CHARACTER SET utf8mb4 COLLATE utf8mb4_unicode_ci NOT NULL,
	`live-order` int(11) NOT NULL,
	`live-options` mediumtext CHARACTER SET utf8mb4 COLLATE utf8mb4_unicode_ci NOT NULL,
	`test-order` int(11) NOT NULL,
	`test-options` mediumtext CHARACTER SET utf8mb4 COLLATE utf8mb4_unicode_ci NOT NULL,
	`dev-order` int(11) NOT NULL,
	`dev-options` mediumtext CHARACTER SET utf8mb4 COLLATE utf8mb4_unicode_ci NOT NULL,
	`json_options` longtext CHARACTER SET utf8mb4 COLLATE utf8mb4_unicode_ci NOT NULL
) ENGINE=InnoDB DEFAULT CHARSET=utf8mb4 COLLATE=utf8mb4_unicode_ci ;

INSERT INTO `relations` (`id`, `status`, `createdon`, `modifiedon`, `entity_id`, `parententity_id`, `childentity_id`, `parent_id`, `child_id`, `note`, `live-order`, `live-options`, `test-order`, `test-options`, `dev-order`, `dev-options`, `json_options`) VALUES
(_SI_GUID_41, 'active', '_SI_NOWTIME_', NULL, _SI_GUID_20, _SI_GUID_16, _SI_GUID_1, _SI_GUID_36, _SI_GUID_4, 'pages_blocks', 1, '{\"tag\":\"div\",\"style\":{\"position\":\"absolute\",\"left\":\"52%\",\"top\":\"200px\",\"width\":\"413px\",\"height\":\"60px\"},\"options\":[]}', 1, '{\"tag\":\"div\",\"style\":{\"position\":\"absolute\",\"left\":\"52%\",\"top\":\"200px\",\"width\":\"413px\",\"height\":\"60px\"},\"options\":[]}', 1, '{\"tag\":\"div\",\"style\":{\"position\":\"absolute\",\"left\":\"52%\",\"top\":\"200px\",\"width\":\"413px\",\"height\":\"60px\"}}', '{}'),
(_SI_GUID_42, 'active', '_SI_NOWTIME_', NULL, _SI_GUID_20, _SI_GUID_16, _SI_GUID_1, _SI_GUID_37, _SI_GUID_4, 'page__block_Menu', 1, '{\"tag\":\"div\",\"style\":{\"position\":\"absolute\",\"left\":\"52%\",\"top\":\"200px\",\"width\":\"410px\",\"height\":\"60px\"},\"options\":[]}', 1, '{\"tag\":\"div\",\"style\":{\"position\":\"absolute\",\"left\":\"52%\",\"top\":\"200px\",\"width\":\"410px\",\"height\":\"60px\"},\"options\":[]}', 1, '{\"tag\":\"div\",\"style\":{\"position\":\"absolute\",\"left\":\"52%\",\"top\":\"200px\",\"width\":\"410px\",\"height\":\"60px\"},\"settings\":[],\"widgets\":[]}', '{\"tag\":\"div\",\"style\":{\"position\":\"absolute\",\"left\":\"52%\",\"top\":\"100px\",\"width\":\"300px\",\"height\":\"60px\"},\"options\":[]}'),
(_SI_GUID_43, 'active', '_SI_NOWTIME_', NULL, _SI_GUID_20, _SI_GUID_16, _SI_GUID_1, _SI_GUID_37, _SI_GUID_6, 'page__block_Header', 0, '{\"tag\":\"header\",\"style\":{\"position\":\"relative\",\"width\":\"100%\",\"height\":\"1000px\",\"padding-bottom\":\"100px\"},\"options\":[]}', 0, '{\"tag\":\"header\",\"style\":{\"position\":\"relative\",\"width\":\"100%\",\"height\":\"1000px\",\"padding-bottom\":\"100px\"},\"options\":[]}', 0, '{\"tag\":\"header\",\"style\":{\"position\":\"relative\",\"width\":\"100%\",\"height\":\"1000px\",\"padding-bottom\":\"100px\"},\"settings\":[],\"widgets\":[]}', '{\"tag\":\"header\",\"style\":{\"position\":\"relative\",\"left\":\"0px\",\"top\":\"0px\",\"width\":\"100%\",\"height\":\"900px\"},\"options\":{\"cxcvxcv\":\"erterterte\",\"dfgdfg\":\"fgwsadfer\",\"trhrfdgt\":\"dsfvsf\"}}'),
(_SI_GUID_44, 'active', '_SI_NOWTIME_', NULL, _SI_GUID_20, _SI_GUID_16, _SI_GUID_1, _SI_GUID_35, _SI_GUID_6, 'pages_blocks', 0, '{\"tag\":\"div\",\"style\":{\"position\":\"relative\",\"left\":\"0px\",\"top\":\"0px\",\"width\":\"100%\",\"height\":\"1000px\"},\"options\":[]}', 0, '{\"tag\":\"div\",\"style\":{\"position\":\"relative\",\"left\":\"0px\",\"top\":\"0px\",\"width\":\"100%\",\"height\":\"1000px\"},\"options\":[]}', 0, '{\"tag\":\"div\",\"style\":{\"position\":\"relative\",\"left\":\"0px\",\"top\":\"0px\",\"width\":\"100%\",\"height\":\"1000px\"}}', '{}'),
(_SI_GUID_45, 'active', '_SI_NOWTIME_', NULL, _SI_GUID_20, _SI_GUID_16, _SI_GUID_1, _SI_GUID_40, _SI_GUID_7, 'pages_blocks', 3, '{\"tag\":\"div\",\"style\":{\"position\":\"absolute\",\"width\":\"100%\",\"height\":\"100px\",\"background-color\":\"rgba(1,1,1,1)\",\"bottom\":\"0px\"},\"options\":[]}', 3, '{\"tag\":\"div\",\"style\":{\"position\":\"absolute\",\"width\":\"100%\",\"height\":\"100px\",\"background-color\":\"rgba(1,1,1,1)\",\"bottom\":\"0px\"},\"options\":[]}', 3, '{\"tag\":\"footer\",\"style\":{\"position\":\"absolute\",\"width\":\"100%\",\"height\":\"7rem\",\"background-color\":\"rgba(1,1,1,1)\",\"bottom\":\"0px\"}}', '{}'),
(_SI_GUID_46, 'active', '_SI_NOWTIME_', NULL, _SI_GUID_20, _SI_GUID_16, _SI_GUID_1, _SI_GUID_40, _SI_GUID_3, 'pages_blocks', 2, '{\"tag\":\"section\",\"style\":{\"position\":\"relative\",\"width\":\"100%\",\"min-height\":\"500px\",\"height\":\"500px\",\"padding-bottom\":\"7rem\"},\"options\":[]}', 2, '{\"tag\":\"section\",\"style\":{\"position\":\"relative\",\"width\":\"100%\",\"min-height\":\"500px\",\"height\":\"500px\",\"padding-bottom\":\"7rem\"},\"options\":[]}', 2, '{\"tag\":\"section\",\"style\":{\"position\":\"relative\",\"width\":\"100%\",\"min-height\":\"500px\",\"height\":\"500px\",\"padding-bottom\":\"7rem\"}}', '{}'),
(_SI_GUID_47, 'active', '_SI_NOWTIME_', NULL, _SI_GUID_20, _SI_GUID_16, _SI_GUID_1, _SI_GUID_36, _SI_GUID_6, 'pages_blocks', 0, '{\"tag\":\"div\",\"style\":{\"position\":\"relative\",\"height\":\"1000px\",\"padding-bottom\":\"100px\"},\"options\":[]}', 0, '{\"tag\":\"div\",\"style\":{\"position\":\"relative\",\"height\":\"1000px\",\"padding-bottom\":\"100px\"},\"options\":[]}', 0, '{\"tag\":\"div\",\"style\":{\"position\":\"relative\",\"height\":\"1000px\",\"padding-bottom\":\"100px\"}}', '{}'),
(_SI_GUID_48, 'active', '_SI_NOWTIME_', NULL, _SI_GUID_20, _SI_GUID_16, _SI_GUID_1, _SI_GUID_36, _SI_GUID_7, 'pages_blocks', 2, '{\"tag\":\"div\",\"style\":{\"position\":\"absolute\",\"width\":\"100%\",\"height\":\"100px\",\"background-color\":\"rgba(1,1,1,1)\",\"bottom\":\"0px\"},\"options\":[]}', 2, '{\"tag\":\"div\",\"style\":{\"position\":\"absolute\",\"width\":\"100%\",\"height\":\"100px\",\"background-color\":\"rgba(1,1,1,1)\",\"bottom\":\"0px\"},\"options\":[]}', 2, '{\"tag\":\"div\",\"style\":{\"position\":\"absolute\",\"width\":\"100%\",\"height\":\"100px\",\"background-color\":\"rgba(1,1,1,1)\",\"bottom\":\"0px\"}}', '{}'),
(_SI_GUID_49, 'active', '_SI_NOWTIME_', NULL, _SI_GUID_20, _SI_GUID_16, _SI_GUID_1, _SI_GUID_39, _SI_GUID_50, 'pages_blocks', 4, '{\"tag\":\"div\",\"style\":{\"position\":\"static\",\"left\":\"0px\",\"top\":\"0px\",\"width\":\"100%\",\"height\":\"400px\"}}', 4, '{\"tag\":\"div\",\"style\":{\"position\":\"static\",\"left\":\"0px\",\"top\":\"0px\",\"width\":\"100%\",\"height\":\"400px\"}}', 4, '{\"tag\":\"div\",\"style\":{\"position\":\"static\",\"left\":\"0px\",\"top\":\"0px\",\"width\":\"100%\",\"height\":\"400px\",\"background-color\":\"rgba(6,6,6,1)\"}}', '{}'),
(_SI_GUID_51, 'active', '_SI_NOWTIME_', NULL, _SI_GUID_20, _SI_GUID_16, _SI_GUID_1, _SI_GUID_39, _SI_GUID_8, 'pages_blocks', 2, '{\"tag\":\"div\",\"style\":{\"position\":\"relative\",\"width\":\"100%\",\"height\":\"300px\",\"padding-bottom\":\"100px\"},\"options\":[]}', 2, '{\"tag\":\"div\",\"style\":{\"position\":\"relative\",\"width\":\"100%\",\"height\":\"300px\",\"padding-bottom\":\"100px\"},\"options\":[]}', 2, '{\"tag\":\"div\",\"style\":{\"position\":\"relative\",\"width\":\"100%\",\"height\":\"300px\",\"padding-bottom\":\"100px\"}}', '{}'),
(_SI_GUID_52, 'active', '_SI_NOWTIME_', NULL, _SI_GUID_20, _SI_GUID_16, _SI_GUID_1, _SI_GUID_40, _SI_GUID_6, 'pages_blocks', 0, '{\"tag\":\"div\",\"style\":{\"position\":\"static\",\"width\":\"100%\",\"height\":\"1000px\"},\"options\":[]}', 0, '{\"tag\":\"div\",\"style\":{\"position\":\"static\",\"width\":\"100%\",\"height\":\"1000px\"},\"options\":[]}', 0, '{\"tag\":\"header\",\"style\":{\"position\":\"relative\",\"width\":\"100%\",\"height\":\"1000px\"}}', '{}'),
(_SI_GUID_53, 'active', '_SI_NOWTIME_', NULL, _SI_GUID_20, _SI_GUID_16, _SI_GUID_1, _SI_GUID_39, _SI_GUID_4, 'pages_blocks', 1, '{\"tag\":\"div\",\"style\":{\"position\":\"absolute\",\"left\":\"52%\",\"top\":\"200px\",\"width\":\"410px\",\"height\":\"60px\"},\"options\":[]}', 1, '{\"tag\":\"div\",\"style\":{\"position\":\"absolute\",\"left\":\"52%\",\"top\":\"200px\",\"width\":\"410px\",\"height\":\"60px\"},\"options\":[]}', 1, '{\"tag\":\"div\",\"style\":{\"position\":\"absolute\",\"left\":\"52%\",\"top\":\"200px\",\"width\":\"410px\",\"height\":\"60px\"}}', '{}'),
(_SI_GUID_54, 'active', '_SI_NOWTIME_', NULL, _SI_GUID_20, _SI_GUID_14, _SI_GUID_23, _SI_GUID_55, _SI_GUID_56, 'user__role_Admin', 0, '', 0, '', 0, '', '{}'),
(_SI_GUID_57, 'active', '_SI_NOWTIME_', NULL, _SI_GUID_20, _SI_GUID_16, _SI_GUID_1, _SI_GUID_40, _SI_GUID_50, 'pages_blocks', 0, '', 0, '', 3, '{\"tag\":\"div\",\"style\":{\"width\":\"100%\",\"height\":\"500px\",\"background-color\":\"Black\"}}', '{}'),
(_SI_GUID_58, 'active', '_SI_NOWTIME_', NULL, _SI_GUID_20, _SI_GUID_16, _SI_GUID_1, _SI_GUID_37, _SI_GUID_5, 'page__block_Login', 2, '{\"tag\":\"section\",\"style\":{\"position\":\"absolute\",\"left\":\"75%\",\"top\":\"15px\",\"width\":\"300px\",\"height\":\"120px\"},\"options\":[]}', 2, '{\"tag\":\"section\",\"style\":{\"position\":\"absolute\",\"left\":\"75%\",\"top\":\"15px\",\"width\":\"300px\",\"height\":\"120px\"},\"options\":[]}', 2, '{\"tag\":\"section\",\"style\":{\"position\":\"absolute\",\"left\":\"75%\",\"top\":\"15px\",\"width\":\"300px\",\"height\":\"120px\"},\"settings\":{\"reCAPTCHA_public\":\"null\"},\"widgets\":[]}', '{\"tag\":\"section\",\"style\":{\"position\":\"absolute\",\"left\":\"75%\",\"top\":\"20px\",\"width\":\"250px\",\"height\":\"120px\"},\"options\":[]}'),
(_SI_GUID_59, 'active', '_SI_NOWTIME_', NULL, _SI_GUID_20, _SI_GUID_16, _SI_GUID_1, _SI_GUID_39, _SI_GUID_7, 'pages_blocks', 3, '{\"tag\":\"footer\",\"style\":{\"position\":\"absolute\",\"width\":\"100%\",\"height\":\"100px\",\"bottom\":\"0px\",\"background-color\":\"rgba(0,0,0,1)\"},\"options\":[]}', 3, '{\"tag\":\"footer\",\"style\":{\"position\":\"absolute\",\"width\":\"100%\",\"height\":\"100px\",\"bottom\":\"0px\",\"background-color\":\"rgba(0,0,0,1)\"},\"options\":[]}', 3, '{\"tag\":\"footer\",\"style\":{\"position\":\"absolute\",\"width\":\"100%\",\"height\":\"100px\",\"bottom\":\"0px\",\"background-color\":\"rgba(0,0,0,1)\"}}', '{}'),
(_SI_GUID_60, 'active', '_SI_NOWTIME_', NULL, _SI_GUID_20, _SI_GUID_16, _SI_GUID_15, _SI_GUID_37, _SI_GUID_61, 'page__library_jquery', 0, '', 0, '', 0, '', '{}'),
(_SI_GUID_62, 'active', '_SI_NOWTIME_', NULL, _SI_GUID_20, _SI_GUID_16, _SI_GUID_1, _SI_GUID_35, _SI_GUID_7, 'pages_blocks', 0, '{\"tag\":\"div\",\"style\":{\"position\":\"absolute\",\"width\":\"100%\",\"height\":\"100px\",\"background-color\":\"rgba(0,0,0,1)\",\"bottom\":\"0px\"},\"options\":[]}', 0, '{\"tag\":\"div\",\"style\":{\"position\":\"absolute\",\"width\":\"100%\",\"height\":\"100px\",\"background-color\":\"rgba(0,0,0,1)\",\"bottom\":\"0px\"},\"options\":[]}', 2, '{\"tag\":\"div\",\"style\":{\"position\":\"absolute\",\"width\":\"100%\",\"height\":\"100px\",\"background-color\":\"rgba(0,0,0,1)\",\"bottom\":\"0px\"}}', '{}'),
(_SI_GUID_63, 'active', '_SI_NOWTIME_', NULL, _SI_GUID_20, _SI_GUID_16, _SI_GUID_1, _SI_GUID_38, _SI_GUID_6, 'pages_blocks', 0, '', 0, '', 0, '{\"tag\":\"div\",\"style\":{\"position\":\"static\",\"left\":\"0px\",\"top\":\"0px\",\"width\":\"100%\",\"height\":\"500px\"}}', '{}'),
(_SI_GUID_64, 'active', '_SI_NOWTIME_', NULL, _SI_GUID_20, _SI_GUID_16, _SI_GUID_1, _SI_GUID_37, _SI_GUID_65, 'pages_blocks', 0, '', 0, '', 4, '{\"tag\":\"div\",\"style\":{\"position\":\"static\",\"left\":\"0px\",\"top\":\"0px\",\"width\":\"100%\",\"height\":\"500px\"}}', '{}'),
(_SI_GUID_66, 'active', '_SI_NOWTIME_', NULL, _SI_GUID_20, _SI_GUID_16, _SI_GUID_1, _SI_GUID_37, _SI_GUID_50, 'pages_blocks', 5, '{\"tag\":\"footer\",\"style\":{\"width\":\"100%\",\"height\":\"500px\",\"background-color\":\"rgba(8,8,8,1)\",\"position\":\"relative\"},\"options\":[]}', 5, '{\"tag\":\"footer\",\"style\":{\"width\":\"100%\",\"height\":\"500px\",\"background-color\":\"rgba(8,8,8,1)\",\"position\":\"relative\"},\"options\":[]}', 5, '{\"tag\":\"footer\",\"style\":{\"width\":\"100%\",\"height\":\"500px\",\"background-color\":\"rgba(8,8,8,1)\",\"position\":\"relative\"}}', '{}'),
(_SI_GUID_67, 'active', '_SI_NOWTIME_', NULL, _SI_GUID_20, _SI_GUID_16, _SI_GUID_1, _SI_GUID_37, _SI_GUID_7, 'pages_blocks', 3, '{\"tag\":\"footer\",\"style\":{\"width\":\"100%\",\"height\":\"100px\",\"background-color\":\"rgba(1,1,1,1)\",\"position\":\"absolute\",\"bottom\":\"0px\"},\"options\":[]}', 3, '{\"tag\":\"footer\",\"style\":{\"width\":\"100%\",\"height\":\"100px\",\"background-color\":\"rgba(1,1,1,1)\",\"position\":\"absolute\",\"bottom\":\"0px\"},\"options\":[]}', 4, '{\"tag\":\"footer\",\"style\":{\"width\":\"100%\",\"height\":\"100px\",\"background-color\":\"rgba(1,1,1,1)\",\"position\":\"absolute\",\"bottom\":\"0px\"},\"settings\":[],\"widgets\":[]}', '{}'),
(_SI_GUID_68, 'active', '_SI_NOWTIME_', NULL, _SI_GUID_20, _SI_GUID_16, _SI_GUID_1, _SI_GUID_35, _SI_GUID_0, 'pages_blocks', 0, '{\"tag\":\"div\",\"style\":{\"position\":\"absolute\",\"left\":\"25%\",\"top\":\"200px\",\"width\":\"50%\",\"height\":\"150px\"},\"options\":[]}', 0, '{\"tag\":\"div\",\"style\":{\"position\":\"absolute\",\"left\":\"25%\",\"top\":\"200px\",\"width\":\"50%\",\"height\":\"150px\"},\"options\":[]}', 1, '{\"tag\":\"div\",\"style\":{\"position\":\"absolute\",\"left\":\"25%\",\"top\":\"200px\",\"width\":\"50%\",\"height\":\"150px\"}}', '{}'),
(_SI_GUID_69, 'active', '_SI_NOWTIME_', NULL, _SI_GUID_20, _SI_GUID_16, _SI_GUID_1, _SI_GUID_39, _SI_GUID_6, 'pages_blocks', 0, '{\"tag\":\"header\",\"style\":{\"position\":\"relative\",\"width\":\"100%\",\"height\":\"1000px\"},\"options\":[]}', 0, '{\"tag\":\"header\",\"style\":{\"position\":\"relative\",\"width\":\"100%\",\"height\":\"1000px\"},\"options\":[]}', 0, '{\"tag\":\"header\",\"style\":{\"position\":\"relative\",\"width\":\"100%\",\"height\":\"1000px\"}}', '{}'),
(_SI_GUID_70, 'active', '_SI_NOWTIME_', NULL, _SI_GUID_20, _SI_GUID_16, _SI_GUID_1, _SI_GUID_40, _SI_GUID_4, 'pages_blocks', 1, '{\"tag\":\"nav\",\"style\":{\"position\":\"absolute\",\"left\":\"52%\",\"top\":\"200px\",\"width\":\"413px\",\"height\":\"60px\"},\"options\":[]}', 1, '{\"tag\":\"nav\",\"style\":{\"position\":\"absolute\",\"left\":\"52%\",\"top\":\"200px\",\"width\":\"413px\",\"height\":\"60px\"},\"options\":[]}', 1, '{\"tag\":\"nav\",\"style\":{\"position\":\"absolute\",\"left\":\"52%\",\"top\":\"200px\",\"width\":\"413px\",\"height\":\"60px\"}}', '{}'),
(_SI_GUID_71, 'active', '_SI_NOWTIME_', NULL, _SI_GUID_20, _SI_GUID_16, _SI_GUID_15, _SI_GUID_37, _SI_GUID_72, 'page__library_jqueryui', 1, '', 1, '', 1, '', '{}'),
(_SI_GUID_73, 'active', '_SI_NOWTIME_', NULL, _SI_GUID_20, _SI_GUID_16, _SI_GUID_1, _SI_GUID_40, _SI_GUID_74, 'pages_blocks', 0, '', 0, '', 2, '{\"tag\":\"div\",\"style\":{\"position\":\"static\",\"left\":\"0px\",\"top\":\"0px\",\"width\":\"100%\",\"height\":\"900px\"}}', '{}');

CREATE TABLE `securityroles` (
	`id` binary(16) NOT NULL,
	`status` enum('active','inactive') CHARACTER SET utf8mb4 COLLATE utf8mb4_unicode_ci NOT NULL DEFAULT 'active',
	`createdon` datetime NOT NULL DEFAULT current_timestamp(),
	`modifiedon` datetime DEFAULT NULL ON UPDATE current_timestamp(),
	`entity_id` binary(16) NOT NULL COMMENT '{"entity":"entities"}',
	`name` varchar(255) CHARACTER SET utf8mb4 COLLATE utf8mb4_unicode_ci NOT NULL,
	`rules` longtext CHARACTER SET utf8mb4 COLLATE utf8mb4_unicode_ci NOT NULL
) ENGINE=InnoDB DEFAULT CHARSET=utf8mb4 COLLATE=utf8mb4_unicode_ci  COMMENT='{"EN":"securityroles", "SN":"securityrole"}';

INSERT INTO `securityroles` (`id`, `status`, `createdon`, `modifiedon`, `entity_id`, `name`, `rules`) VALUES
(_SI_GUID_56, 'active', '_SI_NOWTIME_', NULL, _SI_GUID_23, 'Admin', '{\"0x15853406726f96591ab36754abe7a718\":{\"name\":\"blocks\",\"create\":\"true\",\"read\":\"true\",\"write\":\"true\",\"append\":\"true\",\"appendTo\":\"true\",\"delete\":\"true\"}, \"0x1585340673fb2d4f2fc4ddea04ccd8a7\":{\"name\":\"localtext\",\"create\":\"true\",\"read\":\"true\",\"write\":\"true\",\"append\":\"true\",\"appendTo\":\"true\",\"delete\":\"true\"}, \"0x15853406738287833d67ddf8ea1b180f\":{\"name\":\"media\",\"create\":\"true\",\"read\":\"true\",\"write\":\"true\",\"append\":\"true\",\"appendTo\":\"true\",\"delete\":\"true\"}, \"0x15853406732c288faf26a580691d1323\":{\"name\":\"pages\",\"create\":\"true\",\"read\":\"true\",\"write\":\"true\",\"append\":\"true\",\"appendTo\":\"true\",\"delete\":\"true\"}, \"0x1585340673a5abb6521695ece4a25f29\":{\"name\":\"pagetemplates\",\"create\":\"true\",\"read\":\"true\",\"write\":\"true\",\"append\":\"true\",\"appendTo\":\"true\",\"delete\":\"true\"}, \"0x1585340673ac3a1ef3ca412e875e2801\":{\"name\":\"preferences\",\"create\":\"true\",\"read\":\"true\",\"write\":\"true\",\"append\":\"true\",\"appendTo\":\"true\",\"delete\":\"true\"}, \"0x1585340673c2ebfef8cbe95634950a6b\":{\"name\":\"relations\",\"create\":\"true\",\"read\":\"true\",\"write\":\"true\",\"append\":\"true\",\"appendTo\":\"true\",\"delete\":\"true\"}, \"0x1585340673f7322a08bf03afbec0b058\":{\"name\":\"securityroles\",\"create\":\"true\",\"read\":\"true\",\"write\":\"true\",\"append\":\"true\",\"appendTo\":\"true\",\"delete\":\"true\"}, \"0x1585340673e7f649c06123b7f02e61df\":{\"name\":\"sessions\",\"create\":\"true\",\"read\":\"true\",\"write\":\"true\",\"append\":\"true\",\"appendTo\":\"true\",\"delete\":\"true\"}, \"0x1585340673eb5db1291a53ee0641359c\":{\"name\":\"settings\",\"create\":\"true\",\"read\":\"true\",\"write\":\"true\",\"append\":\"true\",\"appendTo\":\"true\",\"delete\":\"true\"}, \"0x15853406726f35a63e79be4dcbd155ec\":{\"name\":\"users\",\"create\":\"true\",\"read\":\"true\",\"write\":\"true\",\"append\":\"true\",\"appendTo\":\"true\",\"delete\":\"true\"}}'),
(_SI_GUID_75, 'active', '_SI_NOWTIME_', NULL, _SI_GUID_23, 'Tester', '{\"0x15853406726f96591ab36754abe7a718\":{\"name\":\"blocks\",\"create\":\"false\",\"read\":\"true\",\"write\":\"false\",\"append\":\"false\",\"appendTo\":\"false\",\"delete\":\"false\"},\"0x1585340673fb2d4f2fc4ddea04ccd8a7\":{\"name\":\"localtext\",\"create\":\"false\",\"read\":\"true\",\"write\":\"false\",\"append\":\"false\",\"appendTo\":\"false\",\"delete\":\"false\"},\"0x15853406738287833d67ddf8ea1b180f\":{\"name\":\"media\",\"create\":\"false\",\"read\":\"true\",\"write\":\"false\",\"append\":\"false\",\"appendTo\":\"false\",\"delete\":\"false\"},\"0x15853406732c288faf26a580691d1323\":{\"name\":\"pages\",\"create\":\"false\",\"read\":\"true\",\"write\":\"false\",\"append\":\"false\",\"appendTo\":\"false\",\"delete\":\"false\"},\"0x1585340673a5abb6521695ece4a25f29\":{\"name\":\"pagetemplates\",\"create\":\"false\",\"read\":\"false\",\"write\":\"false\",\"append\":\"false\",\"appendTo\":\"false\",\"delete\":\"false\"},\"0x1585340673ac3a1ef3ca412e875e2801\":{\"name\":\"preferences\",\"create\":\"false\",\"read\":\"true\",\"write\":\"false\",\"append\":\"false\",\"appendTo\":\"false\",\"delete\":\"false\"},\"0x1585340673c2ebfef8cbe95634950a6b\":{\"name\":\"relations\",\"create\":\"false\",\"read\":\"true\",\"write\":\"false\",\"append\":\"false\",\"appendTo\":\"false\",\"delete\":\"false\"},\"0x1585340673f7322a08bf03afbec0b058\":{\"name\":\"securityroles\",\"create\":\"false\",\"read\":\"true\",\"write\":\"false\",\"append\":\"false\",\"appendTo\":\"false\",\"delete\":\"false\"},\"0x1585340673e7f649c06123b7f02e61df\":{\"name\":\"sessions\",\"create\":\"false\",\"read\":\"true\",\"write\":\"false\",\"append\":\"false\",\"appendTo\":\"false\",\"delete\":\"false\"},\"0x1585340673eb5db1291a53ee0641359c\":{\"name\":\"settings\",\"create\":\"false\",\"read\":\"true\",\"write\":\"false\",\"append\":\"false\",\"appendTo\":\"false\",\"delete\":\"false\"},\"0x15853406726f35a63e79be4dcbd155ec\":{\"name\":\"users\",\"create\":\"false\",\"read\":\"true\",\"write\":\"false\",\"append\":\"false\",\"appendTo\":\"false\",\"delete\":\"false\"}}'),
(_SI_GUID_76, 'active', '_SI_NOWTIME_', NULL, _SI_GUID_23, 'Guest', '{\"0x15853406726f96591ab36754abe7a718\":{\"name\":\"blocks\",\"create\":\"false\",\"read\":\"true\",\"write\":\"false\",\"append\":\"false\",\"appendTo\":\"false\",\"delete\":\"false\"},\"0x1585340673fb2d4f2fc4ddea04ccd8a7\":{\"name\":\"localtext\",\"create\":\"false\",\"read\":\"true\",\"write\":\"false\",\"append\":\"false\",\"appendTo\":\"false\",\"delete\":\"false\"},\"0x15853406738287833d67ddf8ea1b180f\":{\"name\":\"media\",\"create\":\"false\",\"read\":\"true\",\"write\":\"false\",\"append\":\"false\",\"appendTo\":\"false\",\"delete\":\"false\"},\"0x15853406732c288faf26a580691d1323\":{\"name\":\"pages\",\"create\":\"false\",\"read\":\"true\",\"write\":\"false\",\"append\":\"false\",\"appendTo\":\"false\",\"delete\":\"false\"},\"0x1585340673a5abb6521695ece4a25f29\":{\"name\":\"pagetemplates\",\"create\":\"false\",\"read\":\"false\",\"write\":\"false\",\"append\":\"false\",\"appendTo\":\"false\",\"delete\":\"false\"},\"0x1585340673ac3a1ef3ca412e875e2801\":{\"name\":\"preferences\",\"create\":\"false\",\"read\":\"true\",\"write\":\"false\",\"append\":\"false\",\"appendTo\":\"false\",\"delete\":\"false\"},\"0x1585340673c2ebfef8cbe95634950a6b\":{\"name\":\"relations\",\"create\":\"false\",\"read\":\"true\",\"write\":\"false\",\"append\":\"false\",\"appendTo\":\"false\",\"delete\":\"false\"},\"0x1585340673f7322a08bf03afbec0b058\":{\"name\":\"securityroles\",\"create\":\"false\",\"read\":\"true\",\"write\":\"false\",\"append\":\"false\",\"appendTo\":\"false\",\"delete\":\"false\"},\"0x1585340673e7f649c06123b7f02e61df\":{\"name\":\"sessions\",\"create\":\"false\",\"read\":\"true\",\"write\":\"false\",\"append\":\"false\",\"appendTo\":\"false\",\"delete\":\"false\"},\"0x1585340673eb5db1291a53ee0641359c\":{\"name\":\"settings\",\"create\":\"false\",\"read\":\"true\",\"write\":\"false\",\"append\":\"false\",\"appendTo\":\"false\",\"delete\":\"false\"},\"0x15853406726f35a63e79be4dcbd155ec\":{\"name\":\"users\",\"create\":\"false\",\"read\":\"true\",\"write\":\"false\",\"append\":\"false\",\"appendTo\":\"false\",\"delete\":\"false\"}}');

CREATE TABLE `sessions` (
	`id` binary(16) NOT NULL,
	`createdon` datetime NOT NULL DEFAULT current_timestamp(),
	`modifiedon` datetime DEFAULT NULL ON UPDATE current_timestamp(),
	`sessionid` char(32) CHARACTER SET utf8mb4 COLLATE utf8mb4_unicode_ci NOT NULL,
	`sessiondata` longtext CHARACTER SET utf8mb4 COLLATE utf8mb4_bin NOT NULL,
	`lastaccesstime` timestamp NOT NULL DEFAULT current_timestamp(),
	`entity_id` binary(16) NOT NULL COMMENT 'entity:entities',
	`user_id` binary(16) DEFAULT NULL COMMENT 'entity:users',
	`ipaddress` varchar(45) CHARACTER SET utf8mb4 COLLATE utf8mb4_unicode_ci NOT NULL,
	`server` longtext CHARACTER SET utf8mb4 COLLATE utf8mb4_bin NOT NULL,
	`count` int(11) NOT NULL DEFAULT 1
) ENGINE=InnoDB DEFAULT CHARSET=utf8mb4 COLLATE=utf8mb4_unicode_ci  COMMENT='{"EN":"sessions", "SN":"session"}';

INSERT INTO `sessions` (`id`, `createdon`, `modifiedon`, `sessionid`, `sessiondata`, `lastaccesstime`, `entity_id`, `user_id`, `ipaddress`, `server`, `count`) VALUES
(_SI_GUID_77, '_SI_NOWTIME_', NULL, 'o2kpl9u92g141shlv9s4f64eq4', '{\"SI\":{\"domains\":{\"localhost\":{\"businessunits\":{\"\":{\"deployment\":\"dev\",\"entities\":{\"blocks\":{\"instanceguid\":\"0x15853406726F96591AB36754ABE7A718\",\"deployable\":\"true\",\"entityoptions\":{\"EN\":\"blocks\",\"SN\":\"block\"},\"attributes\":{\"id\":{\"optional\":\"NO\",\"maxchars\":16,\"type\":\"primary\",\"index\":\"PRI\"},\"status\":{\"optional\":\"NO\",\"maxchars\":8,\"type\":\"optionset\",\"options\":\"\'active\',\'inactive\'\",\"default\":\"\'active\'\"},\"statusreason\":{\"optional\":\"NO\",\"maxchars\":4,\"type\":\"optionset\",\"options\":\"\'live\',\'test\',\'dev\'\",\"default\":\"\'dev\'\"},\"createdon\":{\"optional\":\"NO\",\"type\":\"datetime\",\"default\":\"current_timestamp()\"},\"modifiedon\":{\"optional\":\"YES\",\"type\":\"datetime\",\"default\":\"NULL\"},\"entity_id\":{\"optional\":\"NO\",\"maxchars\":16,\"type\":\"sitekey\",\"index\":\"MUL\"},\"name\":{\"optional\":\"NO\",\"maxchars\":65535,\"type\":\"text\"},\"script\":{\"deployable\":\"true\",\"optional\":\"YES\",\"maxchars\":4294967295,\"type\":\"text\",\"default\":\"NULL\"},\"style\":{\"deployable\":\"true\",\"optional\":\"YES\",\"maxchars\":4294967295,\"type\":\"text\",\"default\":\"NULL\"},\"html\":{\"deployable\":\"true\",\"optional\":\"YES\",\"maxchars\":4294967295,\"type\":\"text\",\"default\":\"NULL\"},\"order\":{\"deployable\":\"true\",\"optional\":\"NO\",\"type\":\"number\",\"min\":\"0\",\"max\":\"4294967295\"},\"options\":{\"deployable\":\"true\",\"optional\":\"NO\",\"maxchars\":16777215,\"type\":\"text\"},\"modified\":{\"deployable\":\"true\",\"optional\":\"NO\",\"type\":\"datetime\"}}},\"blocktemplates\":{\"instanceguid\":\"0x15853406721EB105E9A26CEC089F3081\",\"deployable\":\"false\",\"entityoptions\":{\"EN\":\"blocktemplates\",\"SN\":\"blocktemplate\"},\"attributes\":{\"id\":{\"optional\":\"NO\",\"maxchars\":16,\"type\":\"primary\",\"index\":\"PRI\"},\"status\":{\"optional\":\"NO\",\"maxchars\":8,\"type\":\"optionset\",\"options\":\"\'active\',\'inactive\'\",\"default\":\"\'active\'\"},\"statusreason\":{\"optional\":\"NO\",\"maxchars\":4,\"type\":\"optionset\",\"options\":\"\'live\',\'test\',\'dev\'\",\"default\":\"\'dev\'\"},\"createdon\":{\"optional\":\"NO\",\"type\":\"datetime\",\"default\":\"current_timestamp()\"},\"modifiedon\":{\"optional\":\"YES\",\"type\":\"datetime\",\"default\":\"NULL\"},\"entity_id\":{\"optional\":\"NO\",\"maxchars\":16,\"type\":\"sitekey\",\"index\":\"MUL\"},\"name\":{\"optional\":\"NO\",\"maxchars\":65535,\"type\":\"text\"},\"options\":{\"optional\":\"NO\",\"maxchars\":16777215,\"type\":\"text\"},\"html\":{\"optional\":\"YES\",\"maxchars\":4294967295,\"type\":\"text\",\"default\":\"NULL\"},\"style\":{\"optional\":\"YES\",\"maxchars\":4294967295,\"type\":\"text\",\"default\":\"NULL\"},\"script\":{\"optional\":\"YES\",\"maxchars\":4294967295,\"type\":\"text\",\"default\":\"NULL\"},\"thumb\":{\"optional\":\"NO\",\"maxchars\":65535,\"type\":\"text\"},\"category\":{\"optional\":\"NO\",\"maxchars\":16777215,\"type\":\"text\"},\"order\":{\"optional\":\"NO\",\"type\":\"number\",\"min\":\"0\",\"max\":\"4294967295\"}}},\"businessunits\":{\"entityoptions\":{\"EN\":\"businessunits\",\"SN\":\"businessunit\"},\"attributes\":{\"id\":{\"optional\":\"NO\",\"maxchars\":16,\"type\":\"primary\",\"index\":\"PRI\"},\"status\":{\"optional\":\"NO\",\"maxchars\":8,\"type\":\"optionset\",\"options\":\"\'active\',\'inactive\'\",\"default\":\"\'active\'\"},\"createdon\":{\"optional\":\"NO\",\"type\":\"datetime\",\"default\":\"current_timestamp()\"},\"modifiedon\":{\"optional\":\"YES\",\"type\":\"datetime\",\"default\":\"NULL\"},\"domain_id\":{\"optional\":\"NO\",\"maxchars\":16,\"type\":\"lookup\",\"lookup\":\"domains\",\"index\":\"MUL\"},\"name\":{\"optional\":\"NO\",\"maxchars\":255,\"type\":\"text\",\"index\":\"MUL\"}}},\"domains\":{\"entityoptions\":{\"EN\":\"domains\",\"SN\":\"domain\"},\"attributes\":{\"id\":{\"optional\":\"NO\",\"maxchars\":16,\"type\":\"primary\",\"index\":\"PRI\"},\"status\":{\"optional\":\"NO\",\"maxchars\":8,\"type\":\"optionset\",\"options\":\"\'active\',\'inactive\'\",\"default\":\"\'active\'\"},\"createdon\":{\"optional\":\"NO\",\"type\":\"datetime\",\"default\":\"current_timestamp()\"},\"modifiedon\":{\"optional\":\"YES\",\"type\":\"datetime\",\"default\":\"NULL\"},\"name\":{\"optional\":\"NO\",\"maxchars\":255,\"type\":\"text\",\"index\":\"UNI\"}}},\"emails\":{\"entityoptions\":{\"EN\":\"emails\",\"SN\":\"email\",\"global\":\"false\"},\"attributes\":{\"id\":{\"optional\":\"NO\",\"maxchars\":16,\"type\":\"primary\",\"index\":\"PRI\"},\"status\":{\"optional\":\"NO\",\"maxchars\":8,\"type\":\"optionset\",\"options\":\"\'active\',\'inactive\'\",\"default\":\"\'active\'\"},\"statusreason\":{\"optional\":\"NO\",\"maxchars\":4,\"type\":\"optionset\",\"options\":\"\'live\',\'test\',\'dev\'\",\"default\":\"\'dev\'\"},\"createdon\":{\"optional\":\"NO\",\"type\":\"datetime\",\"default\":\"current_timestamp()\"},\"modifiedon\":{\"optional\":\"YES\",\"type\":\"datetime\",\"default\":\"NULL\"},\"entity_id\":{\"optional\":\"NO\",\"maxchars\":16,\"type\":\"sitekey\",\"index\":\"MUL\"},\"name\":{\"optional\":\"YES\",\"maxchars\":255,\"type\":\"text\",\"default\":\"NULL\",\"index\":\"MUL\"},\"to\":{\"optional\":\"YES\",\"maxchars\":255,\"type\":\"text\",\"default\":\"NULL\"},\"subject\":{\"optional\":\"YES\",\"maxchars\":255,\"type\":\"text\",\"default\":\"NULL\"},\"body\":{\"optional\":\"YES\",\"maxchars\":16777215,\"type\":\"text\",\"default\":\"NULL\"}}},\"entities\":{\"entityoptions\":null,\"attributes\":{\"id\":{\"optional\":\"NO\",\"maxchars\":16,\"type\":\"primary\",\"index\":\"PRI\"},\"status\":{\"optional\":\"NO\",\"maxchars\":8,\"type\":\"optionset\",\"options\":\"\'active\',\'inactive\'\",\"default\":\"\'active\'\"},\"createdon\":{\"optional\":\"NO\",\"type\":\"datetime\",\"default\":\"current_timestamp()\"},\"modifiedon\":{\"optional\":\"YES\",\"type\":\"datetime\",\"default\":\"NULL\"},\"domain_id\":{\"optional\":\"NO\",\"maxchars\":16,\"type\":\"lookup\",\"lookup\":\"domains\",\"index\":\"MUL\"},\"businessunit_id\":{\"optional\":\"NO\",\"maxchars\":16,\"type\":\"lookup\",\"lookup\":\"businessunits\",\"index\":\"MUL\"},\"name\":{\"optional\":\"YES\",\"maxchars\":255,\"type\":\"text\",\"default\":\"NULL\",\"index\":\"MUL\"},\"quantity\":{\"optional\":\"YES\",\"type\":\"number\",\"min\":\"0\",\"max\":\"4294967295\"},\"options\":{\"optional\":\"NO\",\"maxchars\":4294967295,\"type\":\"text\"}}},\"libraries\":{\"instanceguid\":\"0x1585340673195A6D882C3DF22FB1DC22\",\"deployable\":\"true\",\"entityoptions\":{\"EN\":\"libraries\",\"SN\":\"library\"},\"attributes\":{\"id\":{\"optional\":\"NO\",\"maxchars\":16,\"type\":\"primary\",\"index\":\"PRI\"},\"status\":{\"optional\":\"NO\",\"maxchars\":8,\"type\":\"optionset\",\"options\":\"\'active\',\'inactive\'\",\"default\":\"\'active\'\"},\"createdon\":{\"optional\":\"NO\",\"type\":\"datetime\",\"default\":\"current_timestamp()\"},\"modifiedon\":{\"optional\":\"YES\",\"type\":\"datetime\",\"default\":\"NULL\"},\"name\":{\"optional\":\"NO\",\"maxchars\":255,\"type\":\"text\"},\"version\":{\"optional\":\"NO\",\"maxchars\":65535,\"type\":\"text\"},\"css\":{\"deployable\":\"true\",\"optional\":\"NO\",\"maxchars\":4294967295,\"type\":\"text\"},\"js\":{\"deployable\":\"true\",\"optional\":\"NO\",\"maxchars\":4294967295,\"type\":\"text\"},\"svn\":{\"optional\":\"NO\",\"maxchars\":16777215,\"type\":\"text\"}}},\"localtext\":{\"instanceguid\":\"0x1585340673FB2D4F2FC4DDEA04CCD8A7\",\"deployable\":\"false\",\"entityoptions\":null,\"attributes\":{\"id\":{\"optional\":\"NO\",\"maxchars\":16,\"type\":\"primary\",\"index\":\"PRI\"},\"status\":{\"optional\":\"NO\",\"maxchars\":8,\"type\":\"optionset\",\"options\":\"\'active\',\'inactive\'\",\"default\":\"\'active\'\"},\"createdon\":{\"optional\":\"NO\",\"type\":\"datetime\",\"default\":\"current_timestamp()\"},\"modifiedon\":{\"optional\":\"YES\",\"type\":\"datetime\",\"default\":\"NULL\"},\"entity_id\":{\"optional\":\"NO\",\"maxchars\":16,\"type\":\"sitekey\",\"index\":\"MUL\"},\"name\":{\"optional\":\"NO\",\"maxchars\":255,\"type\":\"text\",\"index\":\"MUL\"},\"options\":{\"optional\":\"YES\",\"maxchars\":16777215,\"type\":\"text\",\"default\":\"NULL\"},\"_ar\":{\"optional\":\"YES\",\"maxchars\":4294967295,\"type\":\"text\",\"default\":\"NULL\"},\"_zh\":{\"optional\":\"YES\",\"maxchars\":4294967295,\"type\":\"text\",\"default\":\"NULL\"},\"_en\":{\"optional\":\"YES\",\"maxchars\":4294967295,\"type\":\"text\",\"default\":\"NULL\"},\"_fr\":{\"optional\":\"YES\",\"maxchars\":4294967295,\"type\":\"text\",\"default\":\"NULL\"},\"_de\":{\"optional\":\"YES\",\"maxchars\":4294967295,\"type\":\"text\",\"default\":\"NULL\"},\"_hi\":{\"optional\":\"YES\",\"maxchars\":4294967295,\"type\":\"text\",\"default\":\"NULL\"},\"_it\":{\"optional\":\"YES\",\"maxchars\":4294967295,\"type\":\"text\",\"default\":\"NULL\"},\"_ja\":{\"optional\":\"YES\",\"maxchars\":4294967295,\"type\":\"text\",\"default\":\"NULL\"},\"_ko\":{\"optional\":\"YES\",\"maxchars\":4294967295,\"type\":\"text\",\"default\":\"NULL\"},\"_es\":{\"optional\":\"YES\",\"maxchars\":4294967295,\"type\":\"text\",\"default\":\"NULL\"},\"_en-us\":{\"optional\":\"YES\",\"maxchars\":4294967295,\"type\":\"text\",\"default\":\"NULL\"}}},\"media\":{\"instanceguid\":\"0x15853406738287833D67DDF8EA1B180F\",\"deployable\":\"false\",\"entityoptions\":{\"EN\":\"media\",\"SN\":\"media\"},\"attributes\":{\"id\":{\"optional\":\"NO\",\"maxchars\":16,\"type\":\"primary\",\"index\":\"PRI\"},\"status\":{\"optional\":\"NO\",\"maxchars\":8,\"type\":\"optionset\",\"options\":\"\'active\',\'inactive\'\",\"default\":\"\'active\'\"},\"createdon\":{\"optional\":\"NO\",\"type\":\"datetime\",\"default\":\"current_timestamp()\"},\"modifiedon\":{\"optional\":\"YES\",\"type\":\"datetime\",\"default\":\"NULL\"},\"entity_id\":{\"optional\":\"NO\",\"maxchars\":16,\"type\":\"sitekey\",\"index\":\"MUL\"},\"hash\":{\"optional\":\"NO\",\"maxchars\":20,\"type\":\"sha1\"},\"mime\":{\"optional\":\"NO\",\"maxchars\":65535,\"type\":\"text\"},\"name\":{\"optional\":\"NO\",\"maxchars\":65535,\"type\":\"text\"},\"path\":{\"optional\":\"NO\",\"maxchars\":65535,\"type\":\"text\"},\"category\":{\"optional\":\"NO\",\"maxchars\":255,\"type\":\"text\"},\"meta\":{\"optional\":\"NO\",\"maxchars\":16777215,\"type\":\"text\"}}},\"pages\":{\"instanceguid\":\"0x15853406732C288FAF26A580691D1323\",\"deployable\":\"true\",\"entityoptions\":{\"EN\":\"pages\",\"SN\":\"page\"},\"attributes\":{\"id\":{\"optional\":\"NO\",\"maxchars\":16,\"type\":\"primary\",\"index\":\"PRI\"},\"status\":{\"optional\":\"NO\",\"maxchars\":8,\"type\":\"optionset\",\"options\":\"\'active\',\'inactive\'\",\"default\":\"\'active\'\"},\"statusreason\":{\"optional\":\"NO\",\"maxchars\":4,\"type\":\"optionset\",\"options\":\"\'live\',\'test\',\'dev\'\",\"default\":\"\'dev\'\"},\"createdon\":{\"optional\":\"NO\",\"type\":\"datetime\",\"default\":\"current_timestamp()\"},\"modifiedon\":{\"optional\":\"YES\",\"type\":\"datetime\",\"default\":\"NULL\"},\"entity_id\":{\"optional\":\"NO\",\"maxchars\":16,\"type\":\"sitekey\",\"index\":\"MUL\"},\"name\":{\"optional\":\"YES\",\"maxchars\":255,\"type\":\"text\",\"default\":\"NULL\",\"index\":\"MUL\"},\"path\":{\"optional\":\"NO\",\"maxchars\":65535,\"type\":\"text\"},\"redirecttopage_id\":{\"optional\":\"YES\",\"maxchars\":16,\"type\":\"lookup\",\"lookup\":\"pages\",\"default\":\"NULL\",\"index\":\"MUL\"},\"options\":{\"deployable\":\"true\",\"optional\":\"NO\",\"maxchars\":16777215,\"type\":\"text\"}}},\"pagetemplates\":{\"instanceguid\":\"0x1585340673A5ABB6521695ECE4A25F29\",\"deployable\":\"false\",\"entityoptions\":{\"EN\":\"pagetemplates\",\"SN\":\"pagetemplate\"},\"attributes\":{\"id\":{\"optional\":\"NO\",\"maxchars\":16,\"type\":\"primary\",\"index\":\"PRI\"},\"status\":{\"optional\":\"NO\",\"maxchars\":8,\"type\":\"optionset\",\"options\":\"\'active\',\'inactive\'\",\"default\":\"\'active\'\",\"index\":\"MUL\"},\"createdon\":{\"optional\":\"NO\",\"type\":\"datetime\",\"default\":\"current_timestamp()\"},\"modifiedon\":{\"optional\":\"YES\",\"type\":\"datetime\",\"default\":\"NULL\"},\"entity_id\":{\"optional\":\"NO\",\"maxchars\":16,\"type\":\"sitekey\",\"index\":\"MUL\"},\"name\":{\"optional\":\"NO\",\"maxchars\":255,\"type\":\"text\",\"index\":\"MUL\"},\"options\":{\"optional\":\"NO\",\"maxchars\":16777215,\"type\":\"text\"},\"blocks\":{\"optional\":\"NO\",\"maxchars\":16777215,\"type\":\"text\"}}},\"preferences\":{\"instanceguid\":\"0x1585340673AC3A1EF3CA412E875E2801\",\"deployable\":\"false\",\"entityoptions\":{\"EN\":\"settings\",\"SN\":\"setting\"},\"attributes\":{\"id\":{\"optional\":\"NO\",\"maxchars\":16,\"type\":\"primary\",\"index\":\"PRI\"},\"status\":{\"optional\":\"NO\",\"maxchars\":8,\"type\":\"optionset\",\"options\":\"\'active\',\'inactive\'\",\"default\":\"\'active\'\",\"index\":\"MUL\"},\"createdon\":{\"optional\":\"NO\",\"type\":\"datetime\",\"default\":\"current_timestamp()\"},\"modifiedon\":{\"optional\":\"YES\",\"type\":\"datetime\",\"default\":\"NULL\"},\"entity_id\":{\"optional\":\"NO\",\"maxchars\":16,\"type\":\"sitekey\",\"index\":\"MUL\"},\"name\":{\"optional\":\"NO\",\"maxchars\":255,\"type\":\"text\",\"index\":\"MUL\"}}},\"relations\":{\"instanceguid\":\"0x1585340673C2EBFEF8CBE95634950A6B\",\"deployable\":\"true\",\"entityoptions\":null,\"attributes\":{\"id\":{\"optional\":\"NO\",\"maxchars\":16,\"type\":\"primary\",\"index\":\"PRI\"},\"status\":{\"optional\":\"NO\",\"maxchars\":8,\"type\":\"optionset\",\"options\":\"\'active\',\'inactive\'\",\"default\":\"\'active\'\"},\"createdon\":{\"optional\":\"NO\",\"type\":\"datetime\",\"default\":\"current_timestamp()\"},\"modifiedon\":{\"optional\":\"YES\",\"type\":\"datetime\",\"default\":\"NULL\"},\"entity_id\":{\"optional\":\"NO\",\"maxchars\":16,\"type\":\"sitekey\",\"index\":\"MUL\"},\"parententity_id\":{\"optional\":\"NO\",\"maxchars\":16,\"type\":\"lookup\",\"lookup\":\"entities\",\"index\":\"MUL\"},\"childentity_id\":{\"optional\":\"NO\",\"maxchars\":16,\"type\":\"lookup\",\"lookup\":\"entities\",\"index\":\"MUL\"},\"parent_id\":{\"optional\":\"NO\",\"maxchars\":16,\"type\":\"lookup\",\"lookup\":\"*\",\"index\":\"MUL\"},\"child_id\":{\"optional\":\"NO\",\"maxchars\":16,\"type\":\"lookup\",\"lookup\":\"*\",\"index\":\"MUL\"},\"note\":{\"optional\":\"NO\",\"maxchars\":65535,\"type\":\"text\"},\"order\":{\"deployable\":\"true\",\"optional\":\"NO\",\"type\":\"number\",\"min\":\"0\",\"max\":\"4294967295\"},\"options\":{\"deployable\":\"true\",\"optional\":\"NO\",\"maxchars\":16777215,\"type\":\"text\"},\"json_options\":{\"optional\":\"NO\",\"maxchars\":4294967295,\"type\":\"text\"}}},\"securityroles\":{\"instanceguid\":\"0x1585340673F7322A08BF03AFBEC0B058\",\"deployable\":\"false\",\"entityoptions\":{\"EN\":\"securityroles\",\"SN\":\"securityrole\"},\"attributes\":{\"id\":{\"optional\":\"NO\",\"maxchars\":16,\"type\":\"primary\",\"index\":\"PRI\"},\"status\":{\"optional\":\"NO\",\"maxchars\":8,\"type\":\"optionset\",\"options\":\"\'active\',\'inactive\'\",\"default\":\"\'active\'\"},\"createdon\":{\"optional\":\"NO\",\"type\":\"datetime\",\"default\":\"current_timestamp()\"},\"modifiedon\":{\"optional\":\"YES\",\"type\":\"datetime\",\"default\":\"NULL\"},\"entity_id\":{\"optional\":\"NO\",\"maxchars\":16,\"type\":\"sitekey\",\"index\":\"MUL\"},\"name\":{\"optional\":\"NO\",\"maxchars\":255,\"type\":\"text\",\"index\":\"UNI\"},\"rules\":{\"optional\":\"NO\",\"maxchars\":4294967295,\"type\":\"text\"}}},\"sessions\":{\"instanceguid\":\"0x1585340673E7F649C06123B7F02E61DF\",\"deployable\":\"false\",\"entityoptions\":{\"EN\":\"sessions\",\"SN\":\"session\"},\"attributes\":{\"id\":{\"optional\":\"NO\",\"maxchars\":16,\"type\":\"primary\",\"index\":\"PRI\"},\"createdon\":{\"optional\":\"NO\",\"type\":\"datetime\",\"default\":\"current_timestamp()\"},\"modifiedon\":{\"optional\":\"YES\",\"type\":\"datetime\",\"default\":\"NULL\"},\"sessionid\":{\"optional\":\"NO\",\"maxchars\":32,\"type\":\"char\",\"index\":\"UNI\"},\"sessiondata\":{\"optional\":\"NO\",\"maxchars\":4294967295,\"type\":\"text\"},\"lastaccesstime\":{\"optional\":\"NO\",\"type\":\"timestamp\",\"default\":\"current_timestamp()\"},\"entity_id\":{\"optional\":\"NO\",\"maxchars\":16,\"type\":\"sitekey\",\"index\":\"MUL\"},\"user_id\":{\"optional\":\"YES\",\"maxchars\":16,\"type\":\"lookup\",\"lookup\":\"users\",\"default\":\"NULL\",\"index\":\"MUL\"},\"ipaddress\":{\"optional\":\"NO\",\"maxchars\":45,\"type\":\"text\",\"index\":\"MUL\"},\"server\":{\"optional\":\"NO\",\"maxchars\":4294967295,\"type\":\"text\"},\"count\":{\"optional\":\"NO\",\"type\":\"number\",\"min\":\"0\",\"max\":\"4294967295\",\"default\":\"1\"}}},\"settings\":{\"instanceguid\":\"0x1585340673EB5DB1291A53EE0641359C\",\"deployable\":\"false\",\"entityoptions\":{\"EN\":\"settings\",\"SN\":\"setting\"},\"attributes\":{\"id\":{\"optional\":\"NO\",\"maxchars\":16,\"type\":\"primary\",\"index\":\"PRI\"},\"status\":{\"optional\":\"NO\",\"maxchars\":8,\"type\":\"optionset\",\"options\":\"\'active\',\'inactive\'\",\"default\":\"\'active\'\",\"index\":\"MUL\"},\"createdon\":{\"optional\":\"NO\",\"type\":\"datetime\",\"default\":\"current_timestamp()\"},\"modifiedon\":{\"optional\":\"YES\",\"type\":\"datetime\",\"default\":\"NULL\"},\"entity_id\":{\"optional\":\"NO\",\"maxchars\":16,\"type\":\"sitekey\",\"index\":\"MUL\"},\"settingname\":{\"optional\":\"NO\",\"maxchars\":255,\"type\":\"text\",\"index\":\"MUL\"},\"settingvalue\":{\"optional\":\"NO\",\"maxchars\":16777215,\"type\":\"text\"}}},\"users\":{\"instanceguid\":\"0x15853406726F35A63E79BE4DCBD155EC\",\"deployable\":\"false\",\"entityoptions\":{\"EN\":\"users\",\"SN\":\"user\"},\"attributes\":{\"id\":{\"optional\":\"NO\",\"maxchars\":16,\"type\":\"primary\",\"index\":\"PRI\"},\"status\":{\"optional\":\"NO\",\"maxchars\":8,\"type\":\"optionset\",\"options\":\"\'active\',\'inactive\'\",\"default\":\"\'active\'\"},\"createdon\":{\"optional\":\"NO\",\"type\":\"datetime\",\"default\":\"current_timestamp()\"},\"modifiedon\":{\"optional\":\"YES\",\"type\":\"datetime\",\"default\":\"NULL\"},\"entity_id\":{\"optional\":\"YES\",\"maxchars\":16,\"type\":\"sitekey\",\"default\":\"NULL\",\"index\":\"MUL\"},\"name\":{\"optional\":\"NO\",\"maxchars\":65535,\"type\":\"text\"},\"email\":{\"optional\":\"NO\",\"maxchars\":255,\"type\":\"text\",\"index\":\"UNI\"},\"password\":{\"optional\":\"YES\",\"maxchars\":255,\"type\":\"text\",\"default\":\"NULL\"},\"remembertoken\":{\"optional\":\"YES\",\"maxchars\":32,\"type\":\"text\",\"default\":\"NULL\"},\"remembertime\":{\"optional\":\"YES\",\"type\":\"number\",\"min\":\"0\",\"max\":\"4294967295\",\"default\":\"NULL\"},\"preferences\":{\"optional\":\"NO\",\"maxchars\":4294967295,\"type\":\"text\"}}}},\"user\":{\"name\":\"admin\",\"id\":\"0x15853406755DC9637DF16020BB6D8A69\",\"prefs\":{\"open_links_in\":\"tab\",\"help\":{\"moz\":false,\"w3\":false},\"autosave\":true},\"loggedin\":true,\"permissions\":{\"0x15853406726f96591ab36754abe7a718\":{\"name\":\"blocks\",\"create\":\"true\",\"read\":\"true\",\"write\":\"true\",\"append\":\"true\",\"appendTo\":\"true\",\"delete\":\"true\"},\"0x1585340673fb2d4f2fc4ddea04ccd8a7\":{\"name\":\"localtext\",\"create\":\"true\",\"read\":\"true\",\"write\":\"true\",\"append\":\"true\",\"appendTo\":\"true\",\"delete\":\"true\"},\"0x15853406738287833d67ddf8ea1b180f\":{\"name\":\"media\",\"create\":\"true\",\"read\":\"true\",\"write\":\"true\",\"append\":\"true\",\"appendTo\":\"true\",\"delete\":\"true\"},\"0x15853406732c288faf26a580691d1323\":{\"name\":\"pages\",\"create\":\"true\",\"read\":\"true\",\"write\":\"true\",\"append\":\"true\",\"appendTo\":\"true\",\"delete\":\"true\"},\"0x1585340673a5abb6521695ece4a25f29\":{\"name\":\"pagetemplates\",\"create\":\"true\",\"read\":\"true\",\"write\":\"true\",\"append\":\"true\",\"appendTo\":\"true\",\"delete\":\"true\"},\"0x1585340673ac3a1ef3ca412e875e2801\":{\"name\":\"preferences\",\"create\":\"true\",\"read\":\"true\",\"write\":\"true\",\"append\":\"true\",\"appendTo\":\"true\",\"delete\":\"true\"},\"0x1585340673c2ebfef8cbe95634950a6b\":{\"name\":\"relations\",\"create\":\"true\",\"read\":\"true\",\"write\":\"true\",\"append\":\"true\",\"appendTo\":\"true\",\"delete\":\"true\"},\"0x1585340673f7322a08bf03afbec0b058\":{\"name\":\"securityroles\",\"create\":\"true\",\"read\":\"true\",\"write\":\"true\",\"append\":\"true\",\"appendTo\":\"true\",\"delete\":\"true\"},\"0x1585340673e7f649c06123b7f02e61df\":{\"name\":\"sessions\",\"create\":\"true\",\"read\":\"true\",\"write\":\"true\",\"append\":\"true\",\"appendTo\":\"true\",\"delete\":\"true\"},\"0x1585340673eb5db1291a53ee0641359c\":{\"name\":\"settings\",\"create\":\"true\",\"read\":\"true\",\"write\":\"true\",\"append\":\"true\",\"appendTo\":\"true\",\"delete\":\"true\"},\"0x15853406726f35a63e79be4dcbd155ec\":{\"name\":\"users\",\"create\":\"true\",\"read\":\"true\",\"write\":\"true\",\"append\":\"true\",\"appendTo\":\"true\",\"delete\":\"true\"}},\"roles\":[\"Admin\"],\"email\":\"bob.t.allen@gmail.com\",\"preferences\":{\"open_links_in\":\"tab\",\"autosave\":true,\"help\":{\"moz\":false,\"w3\":false}}},\"page\":{\"id\":\"0x158534067321A87955B89F916E29036E\",\"name\":\"\",\"blocks\":{\"Header\":{\"id\":\"0x1585340672638A1D9F6F78B8FFA8EA46\",\"name\":\"Header\"},\"Menu\":{\"id\":\"0x158534067239659F4FC352D1714EEE1A\",\"name\":\"Menu\"},\"Login\":{\"id\":\"0x158534067243A2FAB918E574260901D8\",\"name\":\"Login\"},\"Footer\":{\"id\":\"0x158534067266C398B0F0518BCA9EAE9B\",\"name\":\"Footer\"}},\"contentmodified\":\"602145a670c3de92cbc6146e40de59c0\"},\"settings\":{\"NotificationEmail\":\"info@localhost\",\"DefaultCurrency\":\"usd\",\"DefaultLanguage\":\"en-us\",\"DefaultTimeZone\":\"America\\/Los_Angeles\",\"AllowedFileTypes\":\".pdf,.zip,.mp3,.wav,.avi,.mp4,.mpeg,.gif,.jpg,.png,.svg,.csv,.ttf\",\"reCAPTCHA_private\":\"NULL\"},\"AJAXRETURN\":[]}}}}},\"AJAXRETURN\":[]}', '2020-07-23 21:18:01', _SI_GUID_21, NULL, '::1', '{\"MIBDIRS\":\"C:\\/xampp\\/php\\/extras\\/mibs\",\"MYSQL_HOME\":\"\\\\xampp\\\\mysql\\\\bin\",\"OPENSSL_CONF\":\"C:\\/xampp\\/apache\\/bin\\/openssl.cnf\",\"PHP_PEAR_SYSCONF_DIR\":\"\\\\xampp\\\\php\",\"PHPRC\":\"\\\\xampp\\\\php\",\"TMP\":\"\\\\xampp\\\\tmp\",\"HTTP_HOST\":\"localhost\",\"HTTP_CONNECTION\":\"keep-alive\",\"HTTP_CACHE_CONTROL\":\"max-age=0\",\"HTTP_UPGRADE_INSECURE_REQUESTS\":\"1\",\"HTTP_USER_AGENT\":\"Mozilla\\/5.0 (Windows NT 10.0; Win64; x64) AppleWebKit\\/537.36 (KHTML, like Gecko) Chrome\\/84.0.4147.89 Safari\\/537.36\",\"HTTP_ACCEPT\":\"text\\/html,application\\/xhtml+xml,application\\/xml;q=0.9,image\\/webp,image\\/apng,*\\/*;q=0.8,application\\/signed-exchange;v=b3;q=0.9\",\"HTTP_SEC_FETCH_SITE\":\"same-origin\",\"HTTP_SEC_FETCH_MODE\":\"navigate\",\"HTTP_SEC_FETCH_USER\":\"?1\",\"HTTP_SEC_FETCH_DEST\":\"document\",\"HTTP_REFERER\":\"http:\\/\\/localhost\\/\",\"HTTP_ACCEPT_ENCODING\":\"gzip, deflate, br\",\"HTTP_ACCEPT_LANGUAGE\":\"en-US,en;q=0.9\",\"HTTP_COOKIE\":\"PHPSESSID=o2kpl9u92g141shlv9s4f64eq4\",\"PATH\":\"C:\\\\Program Files (x86)\\\\Intel\\\\iCLS Client\\\\;C:\\\\Program Files\\\\Intel\\\\iCLS Client\\\\;C:\\\\Windows\\\\system32;C:\\\\Windows;C:\\\\Windows\\\\System32\\\\Wbem;C:\\\\Windows\\\\System32\\\\WindowsPowerShell\\\\v1.0\\\\;C:\\\\Program Files (x86)\\\\NVIDIA Corporation\\\\PhysX\\\\Common;C:\\\\Program Files (x86)\\\\Intel\\\\Intel(R) Management Engine Components\\\\DAL;C:\\\\Program Files\\\\Intel\\\\Intel(R) Management Engine Components\\\\DAL;C:\\\\Program Files (x86)\\\\Intel\\\\Intel(R) Management Engine Components\\\\IPT;C:\\\\Program Files\\\\Intel\\\\Intel(R) Management Engine Components\\\\IPT;C:\\\\WINDOWS\\\\system32;C:\\\\WINDOWS;C:\\\\WINDOWS\\\\System32\\\\Wbem;C:\\\\WINDOWS\\\\System32\\\\WindowsPowerShell\\\\v1.0\\\\;C:\\\\WINDOWS\\\\System32\\\\OpenSSH\\\\;C:\\\\Program Files\\\\dotnet\\\\;C:\\\\Program Files\\\\Microsoft SQL Server\\\\130\\\\Tools\\\\Binn\\\\;C:\\\\Program Files\\\\Microsoft SQL Server\\\\Client SDK\\\\ODBC\\\\170\\\\Tools\\\\Binn\\\\;C:\\\\Program Files\\\\PuTTY\\\\;C:\\\\Program Files (x86)\\\\IncrediBuild;C:\\\\Users\\\\Boston\\\\AppData\\\\Local\\\\Microsoft\\\\WindowsApps;\",\"SystemRoot\":\"C:\\\\WINDOWS\",\"COMSPEC\":\"C:\\\\WINDOWS\\\\system32\\\\cmd.exe\",\"PATHEXT\":\".COM;.EXE;.BAT;.CMD;.VBS;.VBE;.JS;.JSE;.WSF;.WSH;.MSC\",\"WINDIR\":\"C:\\\\WINDOWS\",\"SERVER_SIGNATURE\":\"<address>Apache\\/2.4.41 (Win64) OpenSSL\\/1.1.1c PHP\\/7.4.1 Server at localhost Port 80<\\/address>\\n\",\"SERVER_SOFTWARE\":\"Apache\\/2.4.41 (Win64) OpenSSL\\/1.1.1c PHP\\/7.4.1\",\"SERVER_NAME\":\"localhost\",\"SERVER_ADDR\":\"::1\",\"SERVER_PORT\":\"80\",\"REMOTE_ADDR\":\"::1\",\"DOCUMENT_ROOT\":\"C:\\/Users\\/Boston\\/source\\/repos\\/SuperIntuitive\",\"REQUEST_SCHEME\":\"http\",\"CONTEXT_PREFIX\":\"\",\"CONTEXT_DOCUMENT_ROOT\":\"C:\\/Users\\/Boston\\/source\\/repos\\/SuperIntuitive\",\"SERVER_ADMIN\":\"postmaster@localhost\",\"SCRIPT_FILENAME\":\"C:\\/Users\\/Boston\\/source\\/repos\\/SuperIntuitive\\/index.php\",\"REMOTE_PORT\":\"65482\",\"GATEWAY_INTERFACE\":\"CGI\\/1.1\",\"SERVER_PROTOCOL\":\"HTTP\\/1.1\",\"REQUEST_METHOD\":\"GET\",\"QUERY_STRING\":\"\",\"REQUEST_URI\":\"\\/?\",\"SCRIPT_NAME\":\"\\/index.php\",\"PHP_SELF\":\"\\/index.php\",\"REQUEST_TIME_FLOAT\":1595553479.288,\"REQUEST_TIME\":1595553479}', 33),
(_SI_GUID_78, '_SI_NOWTIME_', NULL, '4ocu18k40b7b5nalm3l2lv71dq', '{\"SI\":{\"domains\":{\"localhost\":{\"businessunits\":{\"\":{\"deployment\":\"dev\",\"entities\":{\"blocks\":{\"instanceguid\":\"0x15853406726F96591AB36754ABE7A718\",\"deployable\":\"true\",\"entityoptions\":{\"EN\":\"blocks\",\"SN\":\"block\"},\"attributes\":{\"id\":{\"optional\":\"NO\",\"maxchars\":16,\"type\":\"primary\",\"index\":\"PRI\"},\"status\":{\"optional\":\"NO\",\"maxchars\":8,\"type\":\"optionset\",\"options\":\"\'active\',\'inactive\'\",\"default\":\"\'active\'\"},\"statusreason\":{\"optional\":\"NO\",\"maxchars\":4,\"type\":\"optionset\",\"options\":\"\'live\',\'test\',\'dev\'\",\"default\":\"\'dev\'\"},\"createdon\":{\"optional\":\"NO\",\"type\":\"datetime\",\"default\":\"current_timestamp()\"},\"modifiedon\":{\"optional\":\"YES\",\"type\":\"datetime\",\"default\":\"NULL\"},\"entity_id\":{\"optional\":\"NO\",\"maxchars\":16,\"type\":\"sitekey\",\"index\":\"MUL\"},\"name\":{\"optional\":\"NO\",\"maxchars\":65535,\"type\":\"text\"},\"script\":{\"deployable\":\"true\",\"optional\":\"YES\",\"maxchars\":4294967295,\"type\":\"text\",\"default\":\"NULL\"},\"style\":{\"deployable\":\"true\",\"optional\":\"YES\",\"maxchars\":4294967295,\"type\":\"text\",\"default\":\"NULL\"},\"html\":{\"deployable\":\"true\",\"optional\":\"YES\",\"maxchars\":4294967295,\"type\":\"text\",\"default\":\"NULL\"},\"order\":{\"deployable\":\"true\",\"optional\":\"NO\",\"type\":\"number\",\"min\":\"0\",\"max\":\"4294967295\"},\"options\":{\"deployable\":\"true\",\"optional\":\"NO\",\"maxchars\":16777215,\"type\":\"text\"},\"modified\":{\"deployable\":\"true\",\"optional\":\"NO\",\"type\":\"datetime\"}}},\"blocktemplates\":{\"instanceguid\":\"0x15853406721EB105E9A26CEC089F3081\",\"deployable\":\"false\",\"entityoptions\":{\"EN\":\"blocktemplates\",\"SN\":\"blocktemplate\"},\"attributes\":{\"id\":{\"optional\":\"NO\",\"maxchars\":16,\"type\":\"primary\",\"index\":\"PRI\"},\"status\":{\"optional\":\"NO\",\"maxchars\":8,\"type\":\"optionset\",\"options\":\"\'active\',\'inactive\'\",\"default\":\"\'active\'\"},\"statusreason\":{\"optional\":\"NO\",\"maxchars\":4,\"type\":\"optionset\",\"options\":\"\'live\',\'test\',\'dev\'\",\"default\":\"\'dev\'\"},\"createdon\":{\"optional\":\"NO\",\"type\":\"datetime\",\"default\":\"current_timestamp()\"},\"modifiedon\":{\"optional\":\"YES\",\"type\":\"datetime\",\"default\":\"NULL\"},\"entity_id\":{\"optional\":\"NO\",\"maxchars\":16,\"type\":\"sitekey\",\"index\":\"MUL\"},\"name\":{\"optional\":\"NO\",\"maxchars\":65535,\"type\":\"text\"},\"options\":{\"optional\":\"NO\",\"maxchars\":16777215,\"type\":\"text\"},\"html\":{\"optional\":\"YES\",\"maxchars\":4294967295,\"type\":\"text\",\"default\":\"NULL\"},\"style\":{\"optional\":\"YES\",\"maxchars\":4294967295,\"type\":\"text\",\"default\":\"NULL\"},\"script\":{\"optional\":\"YES\",\"maxchars\":4294967295,\"type\":\"text\",\"default\":\"NULL\"},\"thumb\":{\"optional\":\"NO\",\"maxchars\":65535,\"type\":\"text\"},\"category\":{\"optional\":\"NO\",\"maxchars\":16777215,\"type\":\"text\"},\"order\":{\"optional\":\"NO\",\"type\":\"number\",\"min\":\"0\",\"max\":\"4294967295\"}}},\"businessunits\":{\"entityoptions\":{\"EN\":\"businessunits\",\"SN\":\"businessunit\"},\"attributes\":{\"id\":{\"optional\":\"NO\",\"maxchars\":16,\"type\":\"primary\",\"index\":\"PRI\"},\"status\":{\"optional\":\"NO\",\"maxchars\":8,\"type\":\"optionset\",\"options\":\"\'active\',\'inactive\'\",\"default\":\"\'active\'\"},\"createdon\":{\"optional\":\"NO\",\"type\":\"datetime\",\"default\":\"current_timestamp()\"},\"modifiedon\":{\"optional\":\"YES\",\"type\":\"datetime\",\"default\":\"NULL\"},\"domain_id\":{\"optional\":\"NO\",\"maxchars\":16,\"type\":\"lookup\",\"lookup\":\"domains\",\"index\":\"MUL\"},\"name\":{\"optional\":\"NO\",\"maxchars\":255,\"type\":\"text\",\"index\":\"MUL\"}}},\"domains\":{\"entityoptions\":{\"EN\":\"domains\",\"SN\":\"domain\"},\"attributes\":{\"id\":{\"optional\":\"NO\",\"maxchars\":16,\"type\":\"primary\",\"index\":\"PRI\"},\"status\":{\"optional\":\"NO\",\"maxchars\":8,\"type\":\"optionset\",\"options\":\"\'active\',\'inactive\'\",\"default\":\"\'active\'\"},\"createdon\":{\"optional\":\"NO\",\"type\":\"datetime\",\"default\":\"current_timestamp()\"},\"modifiedon\":{\"optional\":\"YES\",\"type\":\"datetime\",\"default\":\"NULL\"},\"name\":{\"optional\":\"NO\",\"maxchars\":255,\"type\":\"text\",\"index\":\"UNI\"}}},\"emails\":{\"entityoptions\":{\"EN\":\"emails\",\"SN\":\"email\",\"global\":\"false\"},\"attributes\":{\"id\":{\"optional\":\"NO\",\"maxchars\":16,\"type\":\"primary\",\"index\":\"PRI\"},\"status\":{\"optional\":\"NO\",\"maxchars\":8,\"type\":\"optionset\",\"options\":\"\'active\',\'inactive\'\",\"default\":\"\'active\'\"},\"statusreason\":{\"optional\":\"NO\",\"maxchars\":4,\"type\":\"optionset\",\"options\":\"\'live\',\'test\',\'dev\'\",\"default\":\"\'dev\'\"},\"createdon\":{\"optional\":\"NO\",\"type\":\"datetime\",\"default\":\"current_timestamp()\"},\"modifiedon\":{\"optional\":\"YES\",\"type\":\"datetime\",\"default\":\"NULL\"},\"entity_id\":{\"optional\":\"NO\",\"maxchars\":16,\"type\":\"sitekey\",\"index\":\"MUL\"},\"name\":{\"optional\":\"YES\",\"maxchars\":255,\"type\":\"text\",\"default\":\"NULL\",\"index\":\"MUL\"},\"to\":{\"optional\":\"YES\",\"maxchars\":255,\"type\":\"text\",\"default\":\"NULL\"},\"subject\":{\"optional\":\"YES\",\"maxchars\":255,\"type\":\"text\",\"default\":\"NULL\"},\"body\":{\"optional\":\"YES\",\"maxchars\":16777215,\"type\":\"text\",\"default\":\"NULL\"}}},\"entities\":{\"entityoptions\":null,\"attributes\":{\"id\":{\"optional\":\"NO\",\"maxchars\":16,\"type\":\"primary\",\"index\":\"PRI\"},\"status\":{\"optional\":\"NO\",\"maxchars\":8,\"type\":\"optionset\",\"options\":\"\'active\',\'inactive\'\",\"default\":\"\'active\'\"},\"createdon\":{\"optional\":\"NO\",\"type\":\"datetime\",\"default\":\"current_timestamp()\"},\"modifiedon\":{\"optional\":\"YES\",\"type\":\"datetime\",\"default\":\"NULL\"},\"domain_id\":{\"optional\":\"NO\",\"maxchars\":16,\"type\":\"lookup\",\"lookup\":\"domains\",\"index\":\"MUL\"},\"businessunit_id\":{\"optional\":\"NO\",\"maxchars\":16,\"type\":\"lookup\",\"lookup\":\"businessunits\",\"index\":\"MUL\"},\"name\":{\"optional\":\"YES\",\"maxchars\":255,\"type\":\"text\",\"default\":\"NULL\",\"index\":\"MUL\"},\"quantity\":{\"optional\":\"YES\",\"type\":\"number\",\"min\":\"0\",\"max\":\"4294967295\"},\"options\":{\"optional\":\"NO\",\"maxchars\":4294967295,\"type\":\"text\"}}},\"libraries\":{\"instanceguid\":\"0x1585340673195A6D882C3DF22FB1DC22\",\"deployable\":\"true\",\"entityoptions\":{\"EN\":\"libraries\",\"SN\":\"library\"},\"attributes\":{\"id\":{\"optional\":\"NO\",\"maxchars\":16,\"type\":\"primary\",\"index\":\"PRI\"},\"status\":{\"optional\":\"NO\",\"maxchars\":8,\"type\":\"optionset\",\"options\":\"\'active\',\'inactive\'\",\"default\":\"\'active\'\"},\"createdon\":{\"optional\":\"NO\",\"type\":\"datetime\",\"default\":\"current_timestamp()\"},\"modifiedon\":{\"optional\":\"YES\",\"type\":\"datetime\",\"default\":\"NULL\"},\"name\":{\"optional\":\"NO\",\"maxchars\":255,\"type\":\"text\"},\"version\":{\"optional\":\"NO\",\"maxchars\":65535,\"type\":\"text\"},\"css\":{\"deployable\":\"true\",\"optional\":\"NO\",\"maxchars\":4294967295,\"type\":\"text\"},\"js\":{\"deployable\":\"true\",\"optional\":\"NO\",\"maxchars\":4294967295,\"type\":\"text\"},\"svn\":{\"optional\":\"NO\",\"maxchars\":16777215,\"type\":\"text\"}}},\"localtext\":{\"instanceguid\":\"0x1585340673FB2D4F2FC4DDEA04CCD8A7\",\"deployable\":\"false\",\"entityoptions\":null,\"attributes\":{\"id\":{\"optional\":\"NO\",\"maxchars\":16,\"type\":\"primary\",\"index\":\"PRI\"},\"status\":{\"optional\":\"NO\",\"maxchars\":8,\"type\":\"optionset\",\"options\":\"\'active\',\'inactive\'\",\"default\":\"\'active\'\"},\"createdon\":{\"optional\":\"NO\",\"type\":\"datetime\",\"default\":\"current_timestamp()\"},\"modifiedon\":{\"optional\":\"YES\",\"type\":\"datetime\",\"default\":\"NULL\"},\"entity_id\":{\"optional\":\"NO\",\"maxchars\":16,\"type\":\"sitekey\",\"index\":\"MUL\"},\"name\":{\"optional\":\"NO\",\"maxchars\":255,\"type\":\"text\",\"index\":\"MUL\"},\"options\":{\"optional\":\"YES\",\"maxchars\":16777215,\"type\":\"text\",\"default\":\"NULL\"},\"_ar\":{\"optional\":\"YES\",\"maxchars\":4294967295,\"type\":\"text\",\"default\":\"NULL\"},\"_zh\":{\"optional\":\"YES\",\"maxchars\":4294967295,\"type\":\"text\",\"default\":\"NULL\"},\"_en\":{\"optional\":\"YES\",\"maxchars\":4294967295,\"type\":\"text\",\"default\":\"NULL\"},\"_fr\":{\"optional\":\"YES\",\"maxchars\":4294967295,\"type\":\"text\",\"default\":\"NULL\"},\"_de\":{\"optional\":\"YES\",\"maxchars\":4294967295,\"type\":\"text\",\"default\":\"NULL\"},\"_hi\":{\"optional\":\"YES\",\"maxchars\":4294967295,\"type\":\"text\",\"default\":\"NULL\"},\"_it\":{\"optional\":\"YES\",\"maxchars\":4294967295,\"type\":\"text\",\"default\":\"NULL\"},\"_ja\":{\"optional\":\"YES\",\"maxchars\":4294967295,\"type\":\"text\",\"default\":\"NULL\"},\"_ko\":{\"optional\":\"YES\",\"maxchars\":4294967295,\"type\":\"text\",\"default\":\"NULL\"},\"_es\":{\"optional\":\"YES\",\"maxchars\":4294967295,\"type\":\"text\",\"default\":\"NULL\"},\"_en-us\":{\"optional\":\"YES\",\"maxchars\":4294967295,\"type\":\"text\",\"default\":\"NULL\"}}},\"media\":{\"instanceguid\":\"0x15853406738287833D67DDF8EA1B180F\",\"deployable\":\"false\",\"entityoptions\":{\"EN\":\"media\",\"SN\":\"media\"},\"attributes\":{\"id\":{\"optional\":\"NO\",\"maxchars\":16,\"type\":\"primary\",\"index\":\"PRI\"},\"status\":{\"optional\":\"NO\",\"maxchars\":8,\"type\":\"optionset\",\"options\":\"\'active\',\'inactive\'\",\"default\":\"\'active\'\"},\"createdon\":{\"optional\":\"NO\",\"type\":\"datetime\",\"default\":\"current_timestamp()\"},\"modifiedon\":{\"optional\":\"YES\",\"type\":\"datetime\",\"default\":\"NULL\"},\"entity_id\":{\"optional\":\"NO\",\"maxchars\":16,\"type\":\"sitekey\",\"index\":\"MUL\"},\"hash\":{\"optional\":\"NO\",\"maxchars\":20,\"type\":\"sha1\"},\"mime\":{\"optional\":\"NO\",\"maxchars\":65535,\"type\":\"text\"},\"name\":{\"optional\":\"NO\",\"maxchars\":65535,\"type\":\"text\"},\"path\":{\"optional\":\"NO\",\"maxchars\":65535,\"type\":\"text\"},\"category\":{\"optional\":\"NO\",\"maxchars\":255,\"type\":\"text\"},\"meta\":{\"optional\":\"NO\",\"maxchars\":16777215,\"type\":\"text\"}}},\"pages\":{\"instanceguid\":\"0x15853406732C288FAF26A580691D1323\",\"deployable\":\"true\",\"entityoptions\":{\"EN\":\"pages\",\"SN\":\"page\"},\"attributes\":{\"id\":{\"optional\":\"NO\",\"maxchars\":16,\"type\":\"primary\",\"index\":\"PRI\"},\"status\":{\"optional\":\"NO\",\"maxchars\":8,\"type\":\"optionset\",\"options\":\"\'active\',\'inactive\'\",\"default\":\"\'active\'\"},\"statusreason\":{\"optional\":\"NO\",\"maxchars\":4,\"type\":\"optionset\",\"options\":\"\'live\',\'test\',\'dev\'\",\"default\":\"\'dev\'\"},\"createdon\":{\"optional\":\"NO\",\"type\":\"datetime\",\"default\":\"current_timestamp()\"},\"modifiedon\":{\"optional\":\"YES\",\"type\":\"datetime\",\"default\":\"NULL\"},\"entity_id\":{\"optional\":\"NO\",\"maxchars\":16,\"type\":\"sitekey\",\"index\":\"MUL\"},\"name\":{\"optional\":\"YES\",\"maxchars\":255,\"type\":\"text\",\"default\":\"NULL\",\"index\":\"MUL\"},\"path\":{\"optional\":\"NO\",\"maxchars\":65535,\"type\":\"text\"},\"redirecttopage_id\":{\"optional\":\"YES\",\"maxchars\":16,\"type\":\"lookup\",\"lookup\":\"pages\",\"default\":\"NULL\",\"index\":\"MUL\"},\"options\":{\"deployable\":\"true\",\"optional\":\"NO\",\"maxchars\":16777215,\"type\":\"text\"}}},\"pagetemplates\":{\"instanceguid\":\"0x1585340673A5ABB6521695ECE4A25F29\",\"deployable\":\"false\",\"entityoptions\":{\"EN\":\"pagetemplates\",\"SN\":\"pagetemplate\"},\"attributes\":{\"id\":{\"optional\":\"NO\",\"maxchars\":16,\"type\":\"primary\",\"index\":\"PRI\"},\"status\":{\"optional\":\"NO\",\"maxchars\":8,\"type\":\"optionset\",\"options\":\"\'active\',\'inactive\'\",\"default\":\"\'active\'\",\"index\":\"MUL\"},\"createdon\":{\"optional\":\"NO\",\"type\":\"datetime\",\"default\":\"current_timestamp()\"},\"modifiedon\":{\"optional\":\"YES\",\"type\":\"datetime\",\"default\":\"NULL\"},\"entity_id\":{\"optional\":\"NO\",\"maxchars\":16,\"type\":\"sitekey\",\"index\":\"MUL\"},\"name\":{\"optional\":\"NO\",\"maxchars\":255,\"type\":\"text\",\"index\":\"MUL\"},\"options\":{\"optional\":\"NO\",\"maxchars\":16777215,\"type\":\"text\"},\"blocks\":{\"optional\":\"NO\",\"maxchars\":16777215,\"type\":\"text\"}}},\"preferences\":{\"instanceguid\":\"0x1585340673AC3A1EF3CA412E875E2801\",\"deployable\":\"false\",\"entityoptions\":{\"EN\":\"settings\",\"SN\":\"setting\"},\"attributes\":{\"id\":{\"optional\":\"NO\",\"maxchars\":16,\"type\":\"primary\",\"index\":\"PRI\"},\"status\":{\"optional\":\"NO\",\"maxchars\":8,\"type\":\"optionset\",\"options\":\"\'active\',\'inactive\'\",\"default\":\"\'active\'\",\"index\":\"MUL\"},\"createdon\":{\"optional\":\"NO\",\"type\":\"datetime\",\"default\":\"current_timestamp()\"},\"modifiedon\":{\"optional\":\"YES\",\"type\":\"datetime\",\"default\":\"NULL\"},\"entity_id\":{\"optional\":\"NO\",\"maxchars\":16,\"type\":\"sitekey\",\"index\":\"MUL\"},\"name\":{\"optional\":\"NO\",\"maxchars\":255,\"type\":\"text\",\"index\":\"MUL\"}}},\"relations\":{\"instanceguid\":\"0x1585340673C2EBFEF8CBE95634950A6B\",\"deployable\":\"true\",\"entityoptions\":null,\"attributes\":{\"id\":{\"optional\":\"NO\",\"maxchars\":16,\"type\":\"primary\",\"index\":\"PRI\"},\"status\":{\"optional\":\"NO\",\"maxchars\":8,\"type\":\"optionset\",\"options\":\"\'active\',\'inactive\'\",\"default\":\"\'active\'\"},\"createdon\":{\"optional\":\"NO\",\"type\":\"datetime\",\"default\":\"current_timestamp()\"},\"modifiedon\":{\"optional\":\"YES\",\"type\":\"datetime\",\"default\":\"NULL\"},\"entity_id\":{\"optional\":\"NO\",\"maxchars\":16,\"type\":\"sitekey\",\"index\":\"MUL\"},\"parententity_id\":{\"optional\":\"NO\",\"maxchars\":16,\"type\":\"lookup\",\"lookup\":\"entities\",\"index\":\"MUL\"},\"childentity_id\":{\"optional\":\"NO\",\"maxchars\":16,\"type\":\"lookup\",\"lookup\":\"entities\",\"index\":\"MUL\"},\"parent_id\":{\"optional\":\"NO\",\"maxchars\":16,\"type\":\"lookup\",\"lookup\":\"*\",\"index\":\"MUL\"},\"child_id\":{\"optional\":\"NO\",\"maxchars\":16,\"type\":\"lookup\",\"lookup\":\"*\",\"index\":\"MUL\"},\"note\":{\"optional\":\"NO\",\"maxchars\":65535,\"type\":\"text\"},\"order\":{\"deployable\":\"true\",\"optional\":\"NO\",\"type\":\"number\",\"min\":\"0\",\"max\":\"4294967295\"},\"options\":{\"deployable\":\"true\",\"optional\":\"NO\",\"maxchars\":16777215,\"type\":\"text\"},\"json_options\":{\"optional\":\"NO\",\"maxchars\":4294967295,\"type\":\"text\"}}},\"securityroles\":{\"instanceguid\":\"0x1585340673F7322A08BF03AFBEC0B058\",\"deployable\":\"false\",\"entityoptions\":{\"EN\":\"securityroles\",\"SN\":\"securityrole\"},\"attributes\":{\"id\":{\"optional\":\"NO\",\"maxchars\":16,\"type\":\"primary\",\"index\":\"PRI\"},\"status\":{\"optional\":\"NO\",\"maxchars\":8,\"type\":\"optionset\",\"options\":\"\'active\',\'inactive\'\",\"default\":\"\'active\'\"},\"createdon\":{\"optional\":\"NO\",\"type\":\"datetime\",\"default\":\"current_timestamp()\"},\"modifiedon\":{\"optional\":\"YES\",\"type\":\"datetime\",\"default\":\"NULL\"},\"entity_id\":{\"optional\":\"NO\",\"maxchars\":16,\"type\":\"sitekey\",\"index\":\"MUL\"},\"name\":{\"optional\":\"NO\",\"maxchars\":255,\"type\":\"text\",\"index\":\"UNI\"},\"rules\":{\"optional\":\"NO\",\"maxchars\":4294967295,\"type\":\"text\"}}},\"sessions\":{\"instanceguid\":\"0x1585340673E7F649C06123B7F02E61DF\",\"deployable\":\"false\",\"entityoptions\":{\"EN\":\"sessions\",\"SN\":\"session\"},\"attributes\":{\"id\":{\"optional\":\"NO\",\"maxchars\":16,\"type\":\"primary\",\"index\":\"PRI\"},\"createdon\":{\"optional\":\"NO\",\"type\":\"datetime\",\"default\":\"current_timestamp()\"},\"modifiedon\":{\"optional\":\"YES\",\"type\":\"datetime\",\"default\":\"NULL\"},\"sessionid\":{\"optional\":\"NO\",\"maxchars\":32,\"type\":\"char\",\"index\":\"UNI\"},\"sessiondata\":{\"optional\":\"NO\",\"maxchars\":4294967295,\"type\":\"text\"},\"lastaccesstime\":{\"optional\":\"NO\",\"type\":\"timestamp\",\"default\":\"current_timestamp()\"},\"entity_id\":{\"optional\":\"NO\",\"maxchars\":16,\"type\":\"sitekey\",\"index\":\"MUL\"},\"user_id\":{\"optional\":\"YES\",\"maxchars\":16,\"type\":\"lookup\",\"lookup\":\"users\",\"default\":\"NULL\",\"index\":\"MUL\"},\"ipaddress\":{\"optional\":\"NO\",\"maxchars\":45,\"type\":\"text\",\"index\":\"MUL\"},\"server\":{\"optional\":\"NO\",\"maxchars\":4294967295,\"type\":\"text\"},\"count\":{\"optional\":\"NO\",\"type\":\"number\",\"min\":\"0\",\"max\":\"4294967295\",\"default\":\"1\"}}},\"settings\":{\"instanceguid\":\"0x1585340673EB5DB1291A53EE0641359C\",\"deployable\":\"false\",\"entityoptions\":{\"EN\":\"settings\",\"SN\":\"setting\"},\"attributes\":{\"id\":{\"optional\":\"NO\",\"maxchars\":16,\"type\":\"primary\",\"index\":\"PRI\"},\"status\":{\"optional\":\"NO\",\"maxchars\":8,\"type\":\"optionset\",\"options\":\"\'active\',\'inactive\'\",\"default\":\"\'active\'\",\"index\":\"MUL\"},\"createdon\":{\"optional\":\"NO\",\"type\":\"datetime\",\"default\":\"current_timestamp()\"},\"modifiedon\":{\"optional\":\"YES\",\"type\":\"datetime\",\"default\":\"NULL\"},\"entity_id\":{\"optional\":\"NO\",\"maxchars\":16,\"type\":\"sitekey\",\"index\":\"MUL\"},\"settingname\":{\"optional\":\"NO\",\"maxchars\":255,\"type\":\"text\",\"index\":\"MUL\"},\"settingvalue\":{\"optional\":\"NO\",\"maxchars\":16777215,\"type\":\"text\"}}},\"users\":{\"instanceguid\":\"0x15853406726F35A63E79BE4DCBD155EC\",\"deployable\":\"false\",\"entityoptions\":{\"EN\":\"users\",\"SN\":\"user\"},\"attributes\":{\"id\":{\"optional\":\"NO\",\"maxchars\":16,\"type\":\"primary\",\"index\":\"PRI\"},\"status\":{\"optional\":\"NO\",\"maxchars\":8,\"type\":\"optionset\",\"options\":\"\'active\',\'inactive\'\",\"default\":\"\'active\'\"},\"createdon\":{\"optional\":\"NO\",\"type\":\"datetime\",\"default\":\"current_timestamp()\"},\"modifiedon\":{\"optional\":\"YES\",\"type\":\"datetime\",\"default\":\"NULL\"},\"entity_id\":{\"optional\":\"YES\",\"maxchars\":16,\"type\":\"sitekey\",\"default\":\"NULL\",\"index\":\"MUL\"},\"name\":{\"optional\":\"NO\",\"maxchars\":65535,\"type\":\"text\"},\"email\":{\"optional\":\"NO\",\"maxchars\":255,\"type\":\"text\",\"index\":\"UNI\"},\"password\":{\"optional\":\"YES\",\"maxchars\":255,\"type\":\"text\",\"default\":\"NULL\"},\"remembertoken\":{\"optional\":\"YES\",\"maxchars\":32,\"type\":\"text\",\"default\":\"NULL\"},\"remembertime\":{\"optional\":\"YES\",\"type\":\"number\",\"min\":\"0\",\"max\":\"4294967295\",\"default\":\"NULL\"},\"preferences\":{\"optional\":\"NO\",\"maxchars\":4294967295,\"type\":\"text\"}}}},\"user\":{\"name\":\"admin\",\"id\":\"0x15853406755DC9637DF16020BB6D8A69\",\"prefs\":{\"open_links_in\":\"tab\",\"help\":{\"moz\":false,\"w3\":false},\"autosave\":true},\"loggedin\":true,\"permissions\":{\"0x15853406726f96591ab36754abe7a718\":{\"name\":\"blocks\",\"create\":\"true\",\"read\":\"true\",\"write\":\"true\",\"append\":\"true\",\"appendTo\":\"true\",\"delete\":\"true\"},\"0x1585340673fb2d4f2fc4ddea04ccd8a7\":{\"name\":\"localtext\",\"create\":\"true\",\"read\":\"true\",\"write\":\"true\",\"append\":\"true\",\"appendTo\":\"true\",\"delete\":\"true\"},\"0x15853406738287833d67ddf8ea1b180f\":{\"name\":\"media\",\"create\":\"true\",\"read\":\"true\",\"write\":\"true\",\"append\":\"true\",\"appendTo\":\"true\",\"delete\":\"true\"},\"0x15853406732c288faf26a580691d1323\":{\"name\":\"pages\",\"create\":\"true\",\"read\":\"true\",\"write\":\"true\",\"append\":\"true\",\"appendTo\":\"true\",\"delete\":\"true\"},\"0x1585340673a5abb6521695ece4a25f29\":{\"name\":\"pagetemplates\",\"create\":\"true\",\"read\":\"true\",\"write\":\"true\",\"append\":\"true\",\"appendTo\":\"true\",\"delete\":\"true\"},\"0x1585340673ac3a1ef3ca412e875e2801\":{\"name\":\"preferences\",\"create\":\"true\",\"read\":\"true\",\"write\":\"true\",\"append\":\"true\",\"appendTo\":\"true\",\"delete\":\"true\"},\"0x1585340673c2ebfef8cbe95634950a6b\":{\"name\":\"relations\",\"create\":\"true\",\"read\":\"true\",\"write\":\"true\",\"append\":\"true\",\"appendTo\":\"true\",\"delete\":\"true\"},\"0x1585340673f7322a08bf03afbec0b058\":{\"name\":\"securityroles\",\"create\":\"true\",\"read\":\"true\",\"write\":\"true\",\"append\":\"true\",\"appendTo\":\"true\",\"delete\":\"true\"},\"0x1585340673e7f649c06123b7f02e61df\":{\"name\":\"sessions\",\"create\":\"true\",\"read\":\"true\",\"write\":\"true\",\"append\":\"true\",\"appendTo\":\"true\",\"delete\":\"true\"},\"0x1585340673eb5db1291a53ee0641359c\":{\"name\":\"settings\",\"create\":\"true\",\"read\":\"true\",\"write\":\"true\",\"append\":\"true\",\"appendTo\":\"true\",\"delete\":\"true\"},\"0x15853406726f35a63e79be4dcbd155ec\":{\"name\":\"users\",\"create\":\"true\",\"read\":\"true\",\"write\":\"true\",\"append\":\"true\",\"appendTo\":\"true\",\"delete\":\"true\"}},\"roles\":[\"Admin\"],\"email\":\"bob.t.allen@gmail.com\",\"preferences\":{\"open_links_in\":\"tab\",\"autosave\":true,\"help\":{\"moz\":false,\"w3\":false}}},\"page\":{\"id\":\"0x158534067321A87955B89F916E29036E\",\"name\":\"\",\"blocks\":{\"Header\":{\"id\":\"0x1585340672638A1D9F6F78B8FFA8EA46\",\"name\":\"Header\"},\"Menu\":{\"id\":\"0x158534067239659F4FC352D1714EEE1A\",\"name\":\"Menu\"},\"Login\":{\"id\":\"0x158534067243A2FAB918E574260901D8\",\"name\":\"Login\"},\"Footer\":{\"id\":\"0x158534067266C398B0F0518BCA9EAE9B\",\"name\":\"Footer\"}},\"contentmodified\":\"602145a670c3de92cbc6146e40de59c0\"},\"settings\":[],\"AJAXRETURN\":null}}}}},\"AJAXRETURN\":[]}', '2020-07-27 08:45:47', _SI_GUID_21, NULL, '::1', '{\"MIBDIRS\":\"C:\\/xampp\\/php\\/extras\\/mibs\",\"MYSQL_HOME\":\"\\\\xampp\\\\mysql\\\\bin\",\"OPENSSL_CONF\":\"C:\\/xampp\\/apache\\/bin\\/openssl.cnf\",\"PHP_PEAR_SYSCONF_DIR\":\"\\\\xampp\\\\php\",\"PHPRC\":\"\\\\xampp\\\\php\",\"TMP\":\"\\\\xampp\\\\tmp\",\"HTTP_HOST\":\"localhost\",\"HTTP_CONNECTION\":\"keep-alive\",\"HTTP_UPGRADE_INSECURE_REQUESTS\":\"1\",\"HTTP_USER_AGENT\":\"Mozilla\\/5.0 (Windows NT 10.0; Win64; x64) AppleWebKit\\/537.36 (KHTML, like Gecko) Chrome\\/84.0.4147.89 Safari\\/537.36\",\"HTTP_ACCEPT\":\"text\\/html,application\\/xhtml+xml,application\\/xml;q=0.9,image\\/webp,image\\/apng,*\\/*;q=0.8,application\\/signed-exchange;v=b3;q=0.9\",\"HTTP_SEC_FETCH_SITE\":\"same-origin\",\"HTTP_SEC_FETCH_MODE\":\"navigate\",\"HTTP_SEC_FETCH_USER\":\"?1\",\"HTTP_SEC_FETCH_DEST\":\"document\",\"HTTP_REFERER\":\"http:\\/\\/localhost\\/\",\"HTTP_ACCEPT_ENCODING\":\"gzip, deflate, br\",\"HTTP_ACCEPT_LANGUAGE\":\"en-US,en;q=0.9\",\"HTTP_COOKIE\":\"PHPSESSID=4ocu18k40b7b5nalm3l2lv71dq\",\"PATH\":\"C:\\\\Program Files (x86)\\\\Intel\\\\iCLS Client\\\\;C:\\\\Program Files\\\\Intel\\\\iCLS Client\\\\;C:\\\\Windows\\\\system32;C:\\\\Windows;C:\\\\Windows\\\\System32\\\\Wbem;C:\\\\Windows\\\\System32\\\\WindowsPowerShell\\\\v1.0\\\\;C:\\\\Program Files (x86)\\\\NVIDIA Corporation\\\\PhysX\\\\Common;C:\\\\Program Files (x86)\\\\Intel\\\\Intel(R) Management Engine Components\\\\DAL;C:\\\\Program Files\\\\Intel\\\\Intel(R) Management Engine Components\\\\DAL;C:\\\\Program Files (x86)\\\\Intel\\\\Intel(R) Management Engine Components\\\\IPT;C:\\\\Program Files\\\\Intel\\\\Intel(R) Management Engine Components\\\\IPT;C:\\\\WINDOWS\\\\system32;C:\\\\WINDOWS;C:\\\\WINDOWS\\\\System32\\\\Wbem;C:\\\\WINDOWS\\\\System32\\\\WindowsPowerShell\\\\v1.0\\\\;C:\\\\WINDOWS\\\\System32\\\\OpenSSH\\\\;C:\\\\Program Files\\\\dotnet\\\\;C:\\\\Program Files\\\\Microsoft SQL Server\\\\130\\\\Tools\\\\Binn\\\\;C:\\\\Program Files\\\\Microsoft SQL Server\\\\Client SDK\\\\ODBC\\\\170\\\\Tools\\\\Binn\\\\;C:\\\\Program Files\\\\PuTTY\\\\;C:\\\\Program Files (x86)\\\\IncrediBuild;C:\\\\Users\\\\Boston\\\\AppData\\\\Local\\\\Microsoft\\\\WindowsApps;\",\"SystemRoot\":\"C:\\\\WINDOWS\",\"COMSPEC\":\"C:\\\\WINDOWS\\\\system32\\\\cmd.exe\",\"PATHEXT\":\".COM;.EXE;.BAT;.CMD;.VBS;.VBE;.JS;.JSE;.WSF;.WSH;.MSC\",\"WINDIR\":\"C:\\\\WINDOWS\",\"SERVER_SIGNATURE\":\"<address>Apache\\/2.4.41 (Win64) OpenSSL\\/1.1.1c PHP\\/7.4.1 Server at localhost Port 80<\\/address>\\n\",\"SERVER_SOFTWARE\":\"Apache\\/2.4.41 (Win64) OpenSSL\\/1.1.1c PHP\\/7.4.1\",\"SERVER_NAME\":\"localhost\",\"SERVER_ADDR\":\"::1\",\"SERVER_PORT\":\"80\",\"REMOTE_ADDR\":\"::1\",\"DOCUMENT_ROOT\":\"C:\\/Users\\/Boston\\/source\\/repos\\/SuperIntuitive\",\"REQUEST_SCHEME\":\"http\",\"CONTEXT_PREFIX\":\"\",\"CONTEXT_DOCUMENT_ROOT\":\"C:\\/Users\\/Boston\\/source\\/repos\\/SuperIntuitive\",\"SERVER_ADMIN\":\"postmaster@localhost\",\"SCRIPT_FILENAME\":\"C:\\/Users\\/Boston\\/source\\/repos\\/SuperIntuitive\\/index.php\",\"REMOTE_PORT\":\"63212\",\"GATEWAY_INTERFACE\":\"CGI\\/1.1\",\"SERVER_PROTOCOL\":\"HTTP\\/1.1\",\"REQUEST_METHOD\":\"GET\",\"QUERY_STRING\":\"\",\"REQUEST_URI\":\"\\/?\",\"SCRIPT_NAME\":\"\\/index.php\",\"PHP_SELF\":\"\\/index.php\",\"REQUEST_TIME_FLOAT\":1595853946.276,\"REQUEST_TIME\":1595853946}', 65);

CREATE TABLE `settings` (
	`id` binary(16) NOT NULL,
	`status` enum('active','inactive') CHARACTER SET utf8mb4 COLLATE utf8mb4_unicode_ci NOT NULL DEFAULT 'active',
	`createdon` datetime NOT NULL DEFAULT current_timestamp(),
	`modifiedon` datetime DEFAULT NULL ON UPDATE current_timestamp(),
	`entity_id` binary(16) NOT NULL COMMENT 'entity:entities',
	`settingname` varchar(255) CHARACTER SET utf8mb4 COLLATE utf8mb4_unicode_ci NOT NULL,
	`settingvalue` mediumtext CHARACTER SET utf8mb4 COLLATE utf8mb4_unicode_ci NOT NULL
) ENGINE=InnoDB DEFAULT CHARSET=utf8mb4 COLLATE=utf8mb4_unicode_ci  COMMENT='{"EN":"settings", "SN":"setting"}';

INSERT INTO `settings` (`id`, `status`, `createdon`, `modifiedon`, `entity_id`, `settingname`, `settingvalue`) VALUES
(_SI_GUID_79, 'active', '_SI_NOWTIME_', NULL, _SI_GUID_22, 'NotificationEmail', '__SI_DEFAULT_NOTEEMAIL__'),
(_SI_GUID_80, 'active', '_SI_NOWTIME_', NULL, _SI_GUID_22, 'DefaultCurrency', '__SI_DEFAULT_CURRENCY__'),
(_SI_GUID_81, 'active', '_SI_NOWTIME_', NULL, _SI_GUID_22, 'DefaultLanguage', '__SI_DEFAULT_LANGUAGE__'),
(_SI_GUID_82, 'active', '_SI_NOWTIME_', NULL, _SI_GUID_22, 'DefaultTimeZone', '__SI_DEFAULT_TIMEZONE__'),
(_SI_GUID_83, 'active', '_SI_NOWTIME_', NULL, _SI_GUID_22, 'AllowedFileTypes', '.pdf,.zip,.mp3,.wav,.avi,.mp4,.mpeg,.gif,.jpg,.png,.svg,.csv,.ttf'),
(_SI_GUID_84, 'active', '_SI_NOWTIME_', NULL, _SI_GUID_22, 'reCAPTCHA_private', 'NULL');

CREATE TABLE `users` (
	`id` binary(16) NOT NULL,
	`status` enum('active','inactive') CHARACTER SET utf8mb4 COLLATE utf8mb4_unicode_ci NOT NULL DEFAULT 'active',
	`createdon` datetime NOT NULL DEFAULT current_timestamp(),
	`modifiedon` datetime DEFAULT NULL ON UPDATE current_timestamp(),
	`entity_id` binary(16) DEFAULT NULL COMMENT 'entity:entities',
	`name` text CHARACTER SET utf8mb4 COLLATE utf8mb4_unicode_ci NOT NULL,
	`email` varchar(255) CHARACTER SET utf8mb4 COLLATE utf8mb4_unicode_ci NOT NULL,
	`password` varchar(255) CHARACTER SET utf8mb4 COLLATE utf8mb4_unicode_ci DEFAULT NULL,
	`remembertoken` varchar(32) CHARACTER SET utf8mb4 COLLATE utf8mb4_unicode_ci DEFAULT NULL,
	`remembertime` bigint(20) DEFAULT NULL,
	`preferences` longtext CHARACTER SET utf8mb4 COLLATE utf8mb4_bin NOT NULL
) ENGINE=InnoDB DEFAULT CHARSET=utf8mb4 COLLATE=utf8mb4_unicode_ci  COMMENT='{"EN":"users", "SN":"user"}';

INSERT INTO `users` (`id`, `status`, `createdon`, `modifiedon`, `entity_id`, `name`, `email`, `password`, `remembertoken`, `remembertime`, `preferences`) VALUES
(_SI_GUID_55, 'active', '_SI_NOWTIME_', NULL, _SI_GUID_14, '__SI_USER_NAME__', '__SI_USER_EMAIL__', '__SI_USER_Password__', '', NULL, '{ \"open_links_in\":\"tab\", \"autosave\":true, \"help\":{ \"moz\":false, \"w3\":false } }');

ALTER TABLE `blocks`
    ADD PRIMARY KEY (`id`),
    ADD KEY (`entity_id`);

ALTER TABLE `blocktemplates`
    ADD PRIMARY KEY (`id`),
    ADD KEY (`entity_id`);

ALTER TABLE `businessunits`
    ADD PRIMARY KEY (`id`),
    ADD KEY (`domain_id`),
    ADD KEY (`name`);

ALTER TABLE `domains`
    ADD PRIMARY KEY (`id`),
    ADD UNIQUE KEY(`name`);

ALTER TABLE `emails`
    ADD PRIMARY KEY (`id`),
    ADD KEY (`entity_id`),
    ADD KEY (`name`);

ALTER TABLE `entities`
    ADD PRIMARY KEY (`id`),
    ADD KEY (`domain_id`),
    ADD KEY (`businessunit_id`),
    ADD KEY (`name`);

ALTER TABLE `libraries`
    ADD PRIMARY KEY (`id`);

ALTER TABLE `localtext`
    ADD PRIMARY KEY (`id`),
    ADD KEY (`entity_id`),
    ADD KEY (`name`);

ALTER TABLE `media`
    ADD PRIMARY KEY (`id`),
    ADD KEY (`entity_id`);

ALTER TABLE `pages`
    ADD PRIMARY KEY (`id`),
    ADD KEY (`entity_id`),
    ADD KEY (`name`),
    ADD KEY (`redirecttopage_id`);

ALTER TABLE `pagetemplates`
    ADD PRIMARY KEY (`id`),
    ADD KEY (`status`),
    ADD KEY (`entity_id`),
    ADD KEY (`name`);

ALTER TABLE `preferences`
    ADD PRIMARY KEY (`id`),
    ADD KEY (`status`),
    ADD KEY (`entity_id`),
    ADD KEY (`name`);

ALTER TABLE `relations`
    ADD PRIMARY KEY (`id`),
    ADD KEY (`entity_id`),
    ADD KEY (`parententity_id`),
    ADD KEY (`childentity_id`),
    ADD KEY (`parent_id`),
    ADD KEY (`child_id`);

ALTER TABLE `securityroles`
    ADD PRIMARY KEY (`id`),
    ADD UNIQUE KEY(`name`),
    ADD KEY (`entity_id`);

ALTER TABLE `sessions`
    ADD PRIMARY KEY (`id`),
    ADD UNIQUE KEY(`sessionid`),
    ADD KEY (`entity_id`),
    ADD KEY (`user_id`),
    ADD KEY (`ipaddress`);

ALTER TABLE `settings`
    ADD PRIMARY KEY (`id`),
    ADD KEY (`status`),
    ADD KEY (`entity_id`),
    ADD KEY (`settingname`);

ALTER TABLE `users`
    ADD PRIMARY KEY (`id`),
    ADD UNIQUE KEY(`email`),
    ADD KEY (`entity_id`);

